timestamp_ms,ax,ay,az,gx,gy,gz
0,0.0000,0.0000,1.0000,0.0000,0.0000,0.0000
10,0.0100,0.0200,1.0000,0.1000,0.2000,0.3000
20,0.0200,0.0400,1.0000,0.2000,0.4000,0.6000
30,0.0300,0.0600,1.0000,0.3000,0.6000,0.9000
40,0.0400,0.0800,1.0000,0.4000,0.8000,1.2000
50,0.0500,0.1000,1.0000,0.5000,1.0000,1.5000
60,0.0600,0.1200,1.0000,0.6000,1.2000,1.8000
70,0.0700,0.1400,1.0000,0.7000,1.4000,2.1000
80,0.0800,0.1600,1.0000,0.8000,1.6000,2.4000
90,0.0900,0.1800,1.0000,0.9000,1.8000,2.7000
100,0.1000,0.2000,1.0000,1.0000,2.0000,3.0000
110,0.1100,0.2200,1.0000,1.1000,2.2000,3.3000
120,0.1200,0.2400,1.0000,1.2000,2.4000,3.6000
130,0.1300,0.2600,1.0000,1.3000,2.6000,3.9000
140,0.1400,0.2800,1.0000,1.4000,2.8000,4.2000
150,0.1500,0.3000,1.0000,1.5000,3.0000,4.5000
160,0.1600,0.3200,1.0000,1.6000,3.2000,4.8000
170,0.1700,0.3400,1.0000,1.7000,3.4000,5.1000
180,0.1800,0.3600,1.0000,1.8000,3.6000,5.4000
190,0.1900,0.3800,1.0000,1.9000,3.8000,5.7000
200,0.2000,0.4000,1.0000,2.0000,4.0000,6.0000
210,0.2100,0.4200,1.0000,2.1000,4.2000,6.3000
220,0.2200,0.4400,1.0000,2.2000,4.4000,6.6000
230,0.2300,0.4600,1.0000,2.3000,4.6000,6.9000
240,0.2400,0.4800,1.0000,2.4000,4.8000,7.2000
250,0.2500,0.5000,1.0000,2.5000,5.0000,7.5000
260,0.2600,0.5200,1.0000,2.6000,5.2000,7.8000
270,0.2700,0.5400,1.0000,2.7000,5.4000,8.1000
280,0.2800,0.5600,1.0000,2.8000,5.6000,8.4000
290,0.2900,0.5800,1.0000,2.9000,5.8000,8.7000
300,0.3000,0.6000,1.0000,3.0000,6.0000,9.0000
310,0.3100,0.6200,1.0000,3.1000,6.2000,9.3000
320,0.3200,0.6400,1.0000,3.2000,6.4000,9.6000
330,0.3300,0.6600,1.0000,3.3000,6.6000,9.9000
340,0.3400,0.6800,1.0000,3.4000,6.8000,10.2000
350,0.3500,0.7000,1.0000,3.5000,7.0000,10.5000
360,0.3600,0.7200,1.0000,3.6000,7.2000,10.8000
370,0.3700,0.7400,1.0000,3.7000,7.4000,11.1000
380,0.3800,0.7600,1.0000,3.8000,7.6000,11.4000
390,0.3900,0.7800,1.0000,3.9000,7.8000,11.7000
400,0.4000,0.8000,1.0000,4.0000,8.0000,12.0000
410,0.4100,0.8200,1.0000,4.1000,8.2000,12.3000
420,0.4200,0.8400,1.0000,4.2000,8.4000,12.6000
430,0.4300,0.8600,1.0000,4.3000,8.6000,12.9000
440,0.4400,0.8800,1.0000,4.4000,8.8000,13.2000
450,0.4500,0.9000,1.0000,4.5000,9.0000,13.5000
460,0.4600,0.9200,1.0000,4.6000,9.2000,13.8000
470,0.4700,0.9400,1.0000,4.7000,9.4000,14.1000
480,0.4800,0.9600,1.0000,4.8000,9.6000,14.4000
490,0.4900,0.9800,1.0000,4.9000,9.8000,14.7000
500,0.5000,1.0000,1.0000,5.0000,10.0000,15.0000
510,0.5100,1.0200,1.0000,5.1000,10.2000,15.3000
520,0.5200,1.0400,1.0000,5.2000,10.4000,15.6000
530,0.5300,1.0600,1.0000,5.3000,10.6000,15.9000
540,0.5400,1.0800,1.0000,5.4000,10.8000,16.2000
550,0.5500,1.1000,1.0000,5.5000,11.0000,16.5000
560,0.5600,1.1200,1.0000,5.6000,11.2000,16.8000
570,0.5700,1.1400,1.0000,5.7000,11.4000,17.1000
580,0.5800,1.1600,1.0000,5.8000,11.6000,17.4000
590,0.5900,1.1800,1.0000,5.9000,11.8000,17.7000
600,0.6000,1.2000,1.0000,6.0000,12.0000,18.0000
610,0.6100,1.2200,1.0000,6.1000,12.2000,18.3000
620,0.6200,1.2400,1.0000,6.2000,12.4000,18.6000
630,0.6300,1.2600,1.0000,6.3000,12.6000,18.9000
640,0.6400,1.2800,1.0000,6.4000,12.8000,19.2000
650,0.6500,1.3000,1.0000,6.5000,13.0000,19.5000
660,0.6600,1.3200,1.0000,6.6000,13.2000,19.8000
670,0.6700,1.3400,1.0000,6.7000,13.4000,20.1000
680,0.6800,1.3600,1.0000,6.8000,13.6000,20.4000
690,0.6900,1.3800,1.0000,6.9000,13.8000,20.7000
700,0.7000,1.4000,1.0000,7.0000,14.0000,21.0000
710,0.7100,1.4200,1.0000,7.1000,14.2000,21.3000
720,0.7200,1.4400,1.0000,7.2000,14.4000,21.6000
730,0.7300,1.4600,1.0000,7.3000,14.6000,21.9000
740,0.7400,1.4800,1.0000,7.4000,14.8000,22.2000
750,0.7500,1.5000,1.0000,7.5000,15.0000,22.5000
760,0.7600,1.5200,1.0000,7.6000,15.2000,22.8000
770,0.7700,1.5400,1.0000,7.7000,15.4000,23.1000
780,0.7800,1.5600,1.0000,7.8000,15.6000,23.4000
790,0.7900,1.5800,1.0000,7.9000,15.8000,23.7000
800,0.8000,1.6000,1.0000,8.0000,16.0000,24.0000
810,0.8100,1.6200,1.0000,8.1000,16.2000,24.3000
820,0.8200,1.6400,1.0000,8.2000,16.4000,24.6000
830,0.8300,1.6600,1.0000,8.3000,16.6000,24.9000
840,0.8400,1.6800,1.0000,8.4000,16.8000,25.2000
850,0.8500,1.7000,1.0000,8.5000,17.0000,25.5000
860,0.8600,1.7200,1.0000,8.6000,17.2000,25.8000
870,0.8700,1.7400,1.0000,8.7000,17.4000,26.1000
880,0.8800,1.7600,1.0000,8.8000,17.6000,26.4000
890,0.8900,1.7800,1.0000,8.9000,17.8000,26.7000
900,0.9000,1.8000,1.0000,9.0000,18.0000,27.0000
910,0.9100,1.8200,1.0000,9.1000,18.2000,27.3000
920,0.9200,1.8400,1.0000,9.2000,18.4000,27.6000
930,0.9300,1.8600,1.0000,9.3000,18.6000,27.9000
940,0.9400,1.8800,1.0000,9.4000,18.8000,28.2000
950,0.9500,1.9000,1.0000,9.5000,19.0000,28.5000
960,0.9600,1.9200,1.0000,9.6000,19.2000,28.8000
970,0.9700,1.9400,1.0000,9.7000,19.4000,29.1000
980,0.9800,1.9600,1.0000,9.8000,19.6000,29.4000
990,0.9900,1.9800,1.0000,9.9000,19.8000,29.7000
1000,1.0000,2.0000,1.0000,10.0000,20.0000,30.0000
1010,1.0100,2.0200,1.0000,10.1000,20.2000,30.3000
1020,1.0200,2.0400,1.0000,10.2000,20.4000,30.6000
1030,1.0300,2.0600,1.0000,10.3000,20.6000,30.9000
1040,1.0400,2.0800,1.0000,10.4000,20.8000,31.2000
1050,1.0500,2.1000,1.0000,10.5000,21.0000,31.5000
1060,1.0600,2.1200,1.0000,10.6000,21.2000,31.8000
1070,1.0700,2.1400,1.0000,10.7000,21.4000,32.1000
1080,1.0800,2.1600,1.0000,10.8000,21.6000,32.4000
1090,1.0900,2.1800,1.0000,10.9000,21.8000,32.7000
1100,1.1000,2.2000,1.0000,11.0000,22.0000,33.0000
1110,1.1100,2.2200,1.0000,11.1000,22.2000,33.3000
1120,1.1200,2.2400,1.0000,11.2000,22.4000,33.6000
1130,1.1300,2.2600,1.0000,11.3000,22.6000,33.9000
1140,1.1400,2.2800,1.0000,11.4000,22.8000,34.2000
1150,1.1500,2.3000,1.0000,11.5000,23.0000,34.5000
1160,1.1600,2.3200,1.0000,11.6000,23.2000,34.8000
1170,1.1700,2.3400,1.0000,11.7000,23.4000,35.1000
1180,1.1800,2.3600,1.0000,11.8000,23.6000,35.4000
1190,1.1900,2.3800,1.0000,11.9000,23.8000,35.7000
1200,1.2000,2.4000,1.0000,12.0000,24.0000,36.0000
1210,1.2100,2.4200,1.0000,12.1000,24.2000,36.3000
1220,1.2200,2.4400,1.0000,12.2000,24.4000,36.6000
1230,1.2300,2.4600,1.0000,12.3000,24.6000,36.9000
1240,1.2400,2.4800,1.0000,12.4000,24.8000,37.2000
1250,1.2500,2.5000,1.0000,12.5000,25.0000,37.5000
1260,1.2600,2.5200,1.0000,12.6000,25.2000,37.8000
1270,1.2700,2.5400,1.0000,12.7000,25.4000,38.1000
1280,1.2800,2.5600,1.0000,12.8000,25.6000,38.4000
1290,1.2900,2.5800,1.0000,12.9000,25.8000,38.7000
1300,1.3000,2.6000,1.0000,13.0000,26.0000,39.0000
1310,1.3100,2.6200,1.0000,13.1000,26.2000,39.3000
1320,1.3200,2.6400,1.0000,13.2000,26.4000,39.6000
1330,1.3300,2.6600,1.0000,13.3000,26.6000,39.9000
1340,1.3400,2.6800,1.0000,13.4000,26.8000,40.2000
1350,1.3500,2.7000,1.0000,13.5000,27.0000,40.5000
1360,1.3600,2.7200,1.0000,13.6000,27.2000,40.8000
1370,1.3700,2.7400,1.0000,13.7000,27.4000,41.1000
1380,1.3800,2.7600,1.0000,13.8000,27.6000,41.4000
1390,1.3900,2.7800,1.0000,13.9000,27.8000,41.7000
1400,1.4000,2.8000,1.0000,14.0000,28.0000,42.0000
1410,1.4100,2.8200,1.0000,14.1000,28.2000,42.3000
1420,1.4200,2.8400,1.0000,14.2000,28.4000,42.6000
1430,1.4300,2.8600,1.0000,14.3000,28.6000,42.9000
1440,1.4400,2.8800,1.0000,14.4000,28.8000,43.2000
1450,1.4500,2.9000,1.0000,14.5000,29.0000,43.5000
1460,1.4600,2.9200,1.0000,14.6000,29.2000,43.8000
1470,1.4700,2.9400,1.0000,14.7000,29.4000,44.1000
1480,1.4800,2.9600,1.0000,14.8000,29.6000,44.4000
1490,1.4900,2.9800,1.0000,14.9000,29.8000,44.7000
1500,1.5000,3.0000,1.0000,15.0000,30.0000,45.0000
1510,1.5100,3.0200,1.0000,15.1000,30.2000,45.3000
1520,1.5200,3.0400,1.0000,15.2000,30.4000,45.6000
1530,1.5300,3.0600,1.0000,15.3000,30.6000,45.9000
1540,1.5400,3.0800,1.0000,15.4000,30.8000,46.2000
1550,1.5500,3.1000,1.0000,15.5000,31.0000,46.5000
1560,1.5600,3.1200,1.0000,15.6000,31.2000,46.8000
1570,1.5700,3.1400,1.0000,15.7000,31.4000,47.1000
1580,1.5800,3.1600,1.0000,15.8000,31.6000,47.4000
1590,1.5900,3.1800,1.0000,15.9000,31.8000,47.7000
1600,1.6000,3.2000,1.0000,16.0000,32.0000,48.0000
1610,1.6100,3.2200,1.0000,16.1000,32.2000,48.3000
1620,1.6200,3.2400,1.0000,16.2000,32.4000,48.6000
1630,1.6300,3.2600,1.0000,16.3000,32.6000,48.9000
1640,1.6400,3.2800,1.0000,16.4000,32.8000,49.2000
1650,1.6500,3.3000,1.0000,16.5000,33.0000,49.5000
1660,1.6600,3.3200,1.0000,16.6000,33.2000,49.8000
1670,1.6700,3.3400,1.0000,16.7000,33.4000,50.1000
1680,1.6800,3.3600,1.0000,16.8000,33.6000,50.4000
1690,1.6900,3.3800,1.0000,16.9000,33.8000,50.7000
1700,1.7000,3.4000,1.0000,17.0000,34.0000,51.0000
1710,1.7100,3.4200,1.0000,17.1000,34.2000,51.3000
1720,1.7200,3.4400,1.0000,17.2000,34.4000,51.6000
1730,1.7300,3.4600,1.0000,17.3000,34.6000,51.9000
1740,1.7400,3.4800,1.0000,17.4000,34.8000,52.2000
1750,1.7500,3.5000,1.0000,17.5000,35.0000,52.5000
1760,1.7600,3.5200,1.0000,17.6000,35.2000,52.8000
1770,1.7700,3.5400,1.0000,17.7000,35.4000,53.1000
1780,1.7800,3.5600,1.0000,17.8000,35.6000,53.4000
1790,1.7900,3.5800,1.0000,17.9000,35.8000,53.7000
1800,1.8000,3.6000,1.0000,18.0000,36.0000,54.0000
1810,1.8100,3.6200,1.0000,18.1000,36.2000,54.3000
1820,1.8200,3.6400,1.0000,18.2000,36.4000,54.6000
1830,1.8300,3.6600,1.0000,18.3000,36.6000,54.9000
1840,1.8400,3.6800,1.0000,18.4000,36.8000,55.2000
1850,1.8500,3.7000,1.0000,18.5000,37.0000,55.5000
1860,1.8600,3.7200,1.0000,18.6000,37.2000,55.8000
1870,1.8700,3.7400,1.0000,18.7000,37.4000,56.1000
1880,1.8800,3.7600,1.0000,18.8000,37.6000,56.4000
1890,1.8900,3.7800,1.0000,18.9000,37.8000,56.7000
1900,1.9000,3.8000,1.0000,19.0000,38.0000,57.0000
1910,1.9100,3.8200,1.0000,19.1000,38.2000,57.3000
1920,1.9200,3.8400,1.0000,19.2000,38.4000,57.6000
1930,1.9300,3.8600,1.0000,19.3000,38.6000,57.9000
1940,1.9400,3.8800,1.0000,19.4000,38.8000,58.2000
1950,1.9500,3.9000,1.0000,19.5000,39.0000,58.5000
1960,1.9600,3.9200,1.0000,19.6000,39.2000,58.8000
1970,1.9700,3.9400,1.0000,19.7000,39.4000,59.1000
1980,1.9800,3.9600,1.0000,19.8000,39.6000,59.4000
1990,1.9900,3.9800,1.0000,19.9000,39.8000,59.7000
2000,2.0000,4.0000,1.0000,20.0000,40.0000,60.0000
2010,2.0100,4.0200,1.0000,20.1000,40.2000,60.3000
2020,2.0200,4.0400,1.0000,20.2000,40.4000,60.6000
2030,2.0300,4.0600,1.0000,20.3000,40.6000,60.9000
2040,2.0400,4.0800,1.0000,20.4000,40.8000,61.2000
2050,2.0500,4.1000,1.0000,20.5000,41.0000,61.5000
2060,2.0600,4.1200,1.0000,20.6000,41.2000,61.8000
2070,2.0700,4.1400,1.0000,20.7000,41.4000,62.1000
2080,2.0800,4.1600,1.0000,20.8000,41.6000,62.4000
2090,2.0900,4.1800,1.0000,20.9000,41.8000,62.7000
2100,2.1000,4.2000,1.0000,21.0000,42.0000,63.0000
2110,2.1100,4.2200,1.0000,21.1000,42.2000,63.3000
2120,2.1200,4.2400,1.0000,21.2000,42.4000,63.6000
2130,2.1300,4.2600,1.0000,21.3000,42.6000,63.9000
2140,2.1400,4.2800,1.0000,21.4000,42.8000,64.2000
2150,2.1500,4.3000,1.0000,21.5000,43.0000,64.5000
2160,2.1600,4.3200,1.0000,21.6000,43.2000,64.8000
2170,2.1700,4.3400,1.0000,21.7000,43.4000,65.1000
2180,2.1800,4.3600,1.0000,21.8000,43.6000,65.4000
2190,2.1900,4.3800,1.0000,21.9000,43.8000,65.7000
2200,2.2000,4.4000,1.0000,22.0000,44.0000,66.0000
2210,2.2100,4.4200,1.0000,22.1000,44.2000,66.3000
2220,2.2200,4.4400,1.0000,22.2000,44.4000,66.6000
2230,2.2300,4.4600,1.0000,22.3000,44.6000,66.9000
2240,2.2400,4.4800,1.0000,22.4000,44.8000,67.2000
2250,2.2500,4.5000,1.0000,22.5000,45.0000,67.5000
2260,2.2600,4.5200,1.0000,22.6000,45.2000,67.8000
2270,2.2700,4.5400,1.0000,22.7000,45.4000,68.1000
2280,2.2800,4.5600,1.0000,22.8000,45.6000,68.4000
2290,2.2900,4.5800,1.0000,22.9000,45.8000,68.7000
2300,2.3000,4.6000,1.0000,23.0000,46.0000,69.0000
2310,2.3100,4.6200,1.0000,23.1000,46.2000,69.3000
2320,2.3200,4.6400,1.0000,23.2000,46.4000,69.6000
2330,2.3300,4.6600,1.0000,23.3000,46.6000,69.9000
2340,2.3400,4.6800,1.0000,23.4000,46.8000,70.2000
2350,2.3500,4.7000,1.0000,23.5000,47.0000,70.5000
2360,2.3600,4.7200,1.0000,23.6000,47.2000,70.8000
2370,2.3700,4.7400,1.0000,23.7000,47.4000,71.1000
2380,2.3800,4.7600,1.0000,23.8000,47.6000,71.4000
2390,2.3900,4.7800,1.0000,23.9000,47.8000,71.7000
2400,2.4000,4.8000,1.0000,24.0000,48.0000,72.0000
2410,2.4100,4.8200,1.0000,24.1000,48.2000,72.3000
2420,2.4200,4.8400,1.0000,24.2000,48.4000,72.6000
2430,2.4300,4.8600,1.0000,24.3000,48.6000,72.9000
2440,2.4400,4.8800,1.0000,24.4000,48.8000,73.2000
2450,2.4500,4.9000,1.0000,24.5000,49.0000,73.5000
2460,2.4600,4.9200,1.0000,24.6000,49.2000,73.8000
2470,2.4700,4.9400,1.0000,24.7000,49.4000,74.1000
2480,2.4800,4.9600,1.0000,24.8000,49.6000,74.4000
2490,2.4900,4.9800,1.0000,24.9000,49.8000,74.7000
2500,2.5000,5.0000,1.0000,25.0000,50.0000,75.0000
2510,2.5100,5.0200,1.0000,25.1000,50.2000,75.3000
2520,2.5200,5.0400,1.0000,25.2000,50.4000,75.6000
2530,2.5300,5.0600,1.0000,25.3000,50.6000,75.9000
2540,2.5400,5.0800,1.0000,25.4000,50.8000,76.2000
2550,2.5500,5.1000,1.0000,25.5000,51.0000,76.5000
2560,2.5600,5.1200,1.0000,25.6000,51.2000,76.8000
2570,2.5700,5.1400,1.0000,25.7000,51.4000,77.1000
2580,2.5800,5.1600,1.0000,25.8000,51.6000,77.4000
2590,2.5900,5.1800,1.0000,25.9000,51.8000,77.7000
2600,2.6000,5.2000,1.0000,26.0000,52.0000,78.0000
2610,2.6100,5.2200,1.0000,26.1000,52.2000,78.3000
2620,2.6200,5.2400,1.0000,26.2000,52.4000,78.6000
2630,2.6300,5.2600,1.0000,26.3000,52.6000,78.9000
2640,2.6400,5.2800,1.0000,26.4000,52.8000,79.2000
2650,2.6500,5.3000,1.0000,26.5000,53.0000,79.5000
2660,2.6600,5.3200,1.0000,26.6000,53.2000,79.8000
2670,2.6700,5.3400,1.0000,26.7000,53.4000,80.1000
2680,2.6800,5.3600,1.0000,26.8000,53.6000,80.4000
2690,2.6900,5.3800,1.0000,26.9000,53.8000,80.7000
2700,2.7000,5.4000,1.0000,27.0000,54.0000,81.0000
2710,2.7100,5.4200,1.0000,27.1000,54.2000,81.3000
2720,2.7200,5.4400,1.0000,27.2000,54.4000,81.6000
2730,2.7300,5.4600,1.0000,27.3000,54.6000,81.9000
2740,2.7400,5.4800,1.0000,27.4000,54.8000,82.2000
2750,2.7500,5.5000,1.0000,27.5000,55.0000,82.5000
2760,2.7600,5.5200,1.0000,27.6000,55.2000,82.8000
2770,2.7700,5.5400,1.0000,27.7000,55.4000,83.1000
2780,2.7800,5.5600,1.0000,27.8000,55.6000,83.4000
2790,2.7900,5.5800,1.0000,27.9000,55.8000,83.7000
2800,2.8000,5.6000,1.0000,28.0000,56.0000,84.0000
2810,2.8100,5.6200,1.0000,28.1000,56.2000,84.3000
2820,2.8200,5.6400,1.0000,28.2000,56.4000,84.6000
2830,2.8300,5.6600,1.0000,28.3000,56.6000,84.9000
2840,2.8400,5.6800,1.0000,28.4000,56.8000,85.2000
2850,2.8500,5.7000,1.0000,28.5000,57.0000,85.5000
2860,2.8600,5.7200,1.0000,28.6000,57.2000,85.8000
2870,2.8700,5.7400,1.0000,28.7000,57.4000,86.1000
2880,2.8800,5.7600,1.0000,28.8000,57.6000,86.4000
2890,2.8900,5.7800,1.0000,28.9000,57.8000,86.7000
2900,2.9000,5.8000,1.0000,29.0000,58.0000,87.0000
2910,2.9100,5.8200,1.0000,29.1000,58.2000,87.3000
2920,2.9200,5.8400,1.0000,29.2000,58.4000,87.6000
2930,2.9300,5.8600,1.0000,29.3000,58.6000,87.9000
2940,2.9400,5.8800,1.0000,29.4000,58.8000,88.2000
2950,2.9500,5.9000,1.0000,29.5000,59.0000,88.5000
2960,2.9600,5.9200,1.0000,29.6000,59.2000,88.8000
2970,2.9700,5.9400,1.0000,29.7000,59.4000,89.1000
2980,2.9800,5.9600,1.0000,29.8000,59.6000,89.4000
2990,2.9900,5.9800,1.0000,29.9000,59.8000,89.7000
3000,3.0000,6.0000,1.0000,30.0000,60.0000,90.0000
3010,3.0100,6.0200,1.0000,30.1000,60.2000,90.3000
3020,3.0200,6.0400,1.0000,30.2000,60.4000,90.6000
3030,3.0300,6.0600,1.0000,30.3000,60.6000,90.9000
3040,3.0400,6.0800,1.0000,30.4000,60.8000,91.2000
3050,3.0500,6.1000,1.0000,30.5000,61.0000,91.5000
3060,3.0600,6.1200,1.0000,30.6000,61.2000,91.8000
3070,3.0700,6.1400,1.0000,30.7000,61.4000,92.1000
3080,3.0800,6.1600,1.0000,30.8000,61.6000,92.4000
3090,3.0900,6.1800,1.0000,30.9000,61.8000,92.7000
3100,3.1000,6.2000,1.0000,31.0000,62.0000,93.0000
3110,3.1100,6.2200,1.0000,31.1000,62.2000,93.3000
3120,3.1200,6.2400,1.0000,31.2000,62.4000,93.6000
3130,3.1300,6.2600,1.0000,31.3000,62.6000,93.9000
3140,3.1400,6.2800,1.0000,31.4000,62.8000,94.2000
3150,3.1500,6.3000,1.0000,31.5000,63.0000,94.5000
3160,3.1600,6.3200,1.0000,31.6000,63.2000,94.8000
3170,3.1700,6.3400,1.0000,31.7000,63.4000,95.1000
3180,3.1800,6.3600,1.0000,31.8000,63.6000,95.4000
3190,3.1900,6.3800,1.0000,31.9000,63.8000,95.7000
3200,3.2000,6.4000,1.0000,32.0000,64.0000,96.0000
3210,3.2100,6.4200,1.0000,32.1000,64.2000,96.3000
3220,3.2200,6.4400,1.0000,32.2000,64.4000,96.6000
3230,3.2300,6.4600,1.0000,32.3000,64.6000,96.9000
3240,3.2400,6.4800,1.0000,32.4000,64.8000,97.2000
3250,3.2500,6.5000,1.0000,32.5000,65.0000,97.5000
3260,3.2600,6.5200,1.0000,32.6000,65.2000,97.8000
3270,3.2700,6.5400,1.0000,32.7000,65.4000,98.1000
3280,3.2800,6.5600,1.0000,32.8000,65.6000,98.4000
3290,3.2900,6.5800,1.0000,32.9000,65.8000,98.7000
3300,3.3000,6.6000,1.0000,33.0000,66.0000,99.0000
3310,3.3100,6.6200,1.0000,33.1000,66.2000,99.3000
3320,3.3200,6.6400,1.0000,33.2000,66.4000,99.6000
3330,3.3300,6.6600,1.0000,33.3000,66.6000,99.9000
3340,3.3400,6.6800,1.0000,33.4000,66.8000,100.2000
3350,3.3500,6.7000,1.0000,33.5000,67.0000,100.5000
3360,3.3600,6.7200,1.0000,33.6000,67.2000,100.8000
3370,3.3700,6.7400,1.0000,33.7000,67.4000,101.1000
3380,3.3800,6.7600,1.0000,33.8000,67.6000,101.4000
3390,3.3900,6.7800,1.0000,33.9000,67.8000,101.7000
3400,3.4000,6.8000,1.0000,34.0000,68.0000,102.0000
3410,3.4100,6.8200,1.0000,34.1000,68.2000,102.3000
3420,3.4200,6.8400,1.0000,34.2000,68.4000,102.6000
3430,3.4300,6.8600,1.0000,34.3000,68.6000,102.9000
3440,3.4400,6.8800,1.0000,34.4000,68.8000,103.2000
3450,3.4500,6.9000,1.0000,34.5000,69.0000,103.5000
3460,3.4600,6.9200,1.0000,34.6000,69.2000,103.8000
3470,3.4700,6.9400,1.0000,34.7000,69.4000,104.1000
3480,3.4800,6.9600,1.0000,34.8000,69.6000,104.4000
3490,3.4900,6.9800,1.0000,34.9000,69.8000,104.7000
3500,3.5000,7.0000,1.0000,35.0000,70.0000,105.0000
3510,3.5100,7.0200,1.0000,35.1000,70.2000,105.3000
3520,3.5200,7.0400,1.0000,35.2000,70.4000,105.6000
3530,3.5300,7.0600,1.0000,35.3000,70.6000,105.9000
3540,3.5400,7.0800,1.0000,35.4000,70.8000,106.2000
3550,3.5500,7.1000,1.0000,35.5000,71.0000,106.5000
3560,3.5600,7.1200,1.0000,35.6000,71.2000,106.8000
3570,3.5700,7.1400,1.0000,35.7000,71.4000,107.1000
3580,3.5800,7.1600,1.0000,35.8000,71.6000,107.4000
3590,3.5900,7.1800,1.0000,35.9000,71.8000,107.7000
3600,3.6000,7.2000,1.0000,36.0000,72.0000,108.0000
3610,3.6100,7.2200,1.0000,36.1000,72.2000,108.3000
3620,3.6200,7.2400,1.0000,36.2000,72.4000,108.6000
3630,3.6300,7.2600,1.0000,36.3000,72.6000,108.9000
3640,3.6400,7.2800,1.0000,36.4000,72.8000,109.2000
3650,3.6500,7.3000,1.0000,36.5000,73.0000,109.5000
3660,3.6600,7.3200,1.0000,36.6000,73.2000,109.8000
3670,3.6700,7.3400,1.0000,36.7000,73.4000,110.1000
3680,3.6800,7.3600,1.0000,36.8000,73.6000,110.4000
3690,3.6900,7.3800,1.0000,36.9000,73.8000,110.7000
3700,3.7000,7.4000,1.0000,37.0000,74.0000,111.0000
3710,3.7100,7.4200,1.0000,37.1000,74.2000,111.3000
3720,3.7200,7.4400,1.0000,37.2000,74.4000,111.6000
3730,3.7300,7.4600,1.0000,37.3000,74.6000,111.9000
3740,3.7400,7.4800,1.0000,37.4000,74.8000,112.2000
3750,3.7500,7.5000,1.0000,37.5000,75.0000,112.5000
3760,3.7600,7.5200,1.0000,37.6000,75.2000,112.8000
3770,3.7700,7.5400,1.0000,37.7000,75.4000,113.1000
3780,3.7800,7.5600,1.0000,37.8000,75.6000,113.4000
3790,3.7900,7.5800,1.0000,37.9000,75.8000,113.7000
3800,3.8000,7.6000,1.0000,38.0000,76.0000,114.0000
3810,3.8100,7.6200,1.0000,38.1000,76.2000,114.3000
3820,3.8200,7.6400,1.0000,38.2000,76.4000,114.6000
3830,3.8300,7.6600,1.0000,38.3000,76.6000,114.9000
3840,3.8400,7.6800,1.0000,38.4000,76.8000,115.2000
3850,3.8500,7.7000,1.0000,38.5000,77.0000,115.5000
3860,3.8600,7.7200,1.0000,38.6000,77.2000,115.8000
3870,3.8700,7.7400,1.0000,38.7000,77.4000,116.1000
3880,3.8800,7.7600,1.0000,38.8000,77.6000,116.4000
3890,3.8900,7.7800,1.0000,38.9000,77.8000,116.7000
3900,3.9000,7.8000,1.0000,39.0000,78.0000,117.0000
3910,3.9100,7.8200,1.0000,39.1000,78.2000,117.3000
3920,3.9200,7.8400,1.0000,39.2000,78.4000,117.6000
3930,3.9300,7.8600,1.0000,39.3000,78.6000,117.9000
3940,3.9400,7.8800,1.0000,39.4000,78.8000,118.2000
3950,3.9500,7.9000,1.0000,39.5000,79.0000,118.5000
3960,3.9600,7.9200,1.0000,39.6000,79.2000,118.8000
3970,3.9700,7.9400,1.0000,39.7000,79.4000,119.1000
3980,3.9800,7.9600,1.0000,39.8000,79.6000,119.4000
3990,3.9900,7.9800,1.0000,39.9000,79.8000,119.7000
4000,4.0000,8.0000,1.0000,40.0000,80.0000,120.0000
4010,4.0100,8.0200,1.0000,40.1000,80.2000,120.3000
4020,4.0200,8.0400,1.0000,40.2000,80.4000,120.6000
4030,4.0300,8.0600,1.0000,40.3000,80.6000,120.9000
4040,4.0400,8.0800,1.0000,40.4000,80.8000,121.2000
4050,4.0500,8.1000,1.0000,40.5000,81.0000,121.5000
4060,4.0600,8.1200,1.0000,40.6000,81.2000,121.8000
4070,4.0700,8.1400,1.0000,40.7000,81.4000,122.1000
4080,4.0800,8.1600,1.0000,40.8000,81.6000,122.4000
4090,4.0900,8.1800,1.0000,40.9000,81.8000,122.7000
4100,4.1000,8.2000,1.0000,41.0000,82.0000,123.0000
4110,4.1100,8.2200,1.0000,41.1000,82.2000,123.3000
4120,4.1200,8.2400,1.0000,41.2000,82.4000,123.6000
4130,4.1300,8.2600,1.0000,41.3000,82.6000,123.9000
4140,4.1400,8.2800,1.0000,41.4000,82.8000,124.2000
4150,4.1500,8.3000,1.0000,41.5000,83.0000,124.5000
4160,4.1600,8.3200,1.0000,41.6000,83.2000,124.8000
4170,4.1700,8.3400,1.0000,41.7000,83.4000,125.1000
4180,4.1800,8.3600,1.0000,41.8000,83.6000,125.4000
4190,4.1900,8.3800,1.0000,41.9000,83.8000,125.7000
4200,4.2000,8.4000,1.0000,42.0000,84.0000,126.0000
4210,4.2100,8.4200,1.0000,42.1000,84.2000,126.3000
4220,4.2200,8.4400,1.0000,42.2000,84.4000,126.6000
4230,4.2300,8.4600,1.0000,42.3000,84.6000,126.9000
4240,4.2400,8.4800,1.0000,42.4000,84.8000,127.2000
4250,4.2500,8.5000,1.0000,42.5000,85.0000,127.5000
4260,4.2600,8.5200,1.0000,42.6000,85.2000,127.8000
4270,4.2700,8.5400,1.0000,42.7000,85.4000,128.1000
4280,4.2800,8.5600,1.0000,42.8000,85.6000,128.4000
4290,4.2900,8.5800,1.0000,42.9000,85.8000,128.7000
4300,4.3000,8.6000,1.0000,43.0000,86.0000,129.0000
4310,4.3100,8.6200,1.0000,43.1000,86.2000,129.3000
4320,4.3200,8.6400,1.0000,43.2000,86.4000,129.6000
4330,4.3300,8.6600,1.0000,43.3000,86.6000,129.9000
4340,4.3400,8.6800,1.0000,43.4000,86.8000,130.2000
4350,4.3500,8.7000,1.0000,43.5000,87.0000,130.5000
4360,4.3600,8.7200,1.0000,43.6000,87.2000,130.8000
4370,4.3700,8.7400,1.0000,43.7000,87.4000,131.1000
4380,4.3800,8.7600,1.0000,43.8000,87.6000,131.4000
4390,4.3900,8.7800,1.0000,43.9000,87.8000,131.7000
4400,4.4000,8.8000,1.0000,44.0000,88.0000,132.0000
4410,4.4100,8.8200,1.0000,44.1000,88.2000,132.3000
4420,4.4200,8.8400,1.0000,44.2000,88.4000,132.6000
4430,4.4300,8.8600,1.0000,44.3000,88.6000,132.9000
4440,4.4400,8.8800,1.0000,44.4000,88.8000,133.2000
4450,4.4500,8.9000,1.0000,44.5000,89.0000,133.5000
4460,4.4600,8.9200,1.0000,44.6000,89.2000,133.8000
4470,4.4700,8.9400,1.0000,44.7000,89.4000,134.1000
4480,4.4800,8.9600,1.0000,44.8000,89.6000,134.4000
4490,4.4900,8.9800,1.0000,44.9000,89.8000,134.7000
4500,4.5000,9.0000,1.0000,45.0000,90.0000,135.0000
4510,4.5100,9.0200,1.0000,45.1000,90.2000,135.3000
4520,4.5200,9.0400,1.0000,45.2000,90.4000,135.6000
4530,4.5300,9.0600,1.0000,45.3000,90.6000,135.9000
4540,4.5400,9.0800,1.0000,45.4000,90.8000,136.2000
4550,4.5500,9.1000,1.0000,45.5000,91.0000,136.5000
4560,4.5600,9.1200,1.0000,45.6000,91.2000,136.8000
4570,4.5700,9.1400,1.0000,45.7000,91.4000,137.1000
4580,4.5800,9.1600,1.0000,45.8000,91.6000,137.4000
4590,4.5900,9.1800,1.0000,45.9000,91.8000,137.7000
4600,4.6000,9.2000,1.0000,46.0000,92.0000,138.0000
4610,4.6100,9.2200,1.0000,46.1000,92.2000,138.3000
4620,4.6200,9.2400,1.0000,46.2000,92.4000,138.6000
4630,4.6300,9.2600,1.0000,46.3000,92.6000,138.9000
4640,4.6400,9.2800,1.0000,46.4000,92.8000,139.2000
4650,4.6500,9.3000,1.0000,46.5000,93.0000,139.5000
4660,4.6600,9.3200,1.0000,46.6000,93.2000,139.8000
4670,4.6700,9.3400,1.0000,46.7000,93.4000,140.1000
4680,4.6800,9.3600,1.0000,46.8000,93.6000,140.4000
4690,4.6900,9.3800,1.0000,46.9000,93.8000,140.7000
4700,4.7000,9.4000,1.0000,47.0000,94.0000,141.0000
4710,4.7100,9.4200,1.0000,47.1000,94.2000,141.3000
4720,4.7200,9.4400,1.0000,47.2000,94.4000,141.6000
4730,4.7300,9.4600,1.0000,47.3000,94.6000,141.9000
4740,4.7400,9.4800,1.0000,47.4000,94.8000,142.2000
4750,4.7500,9.5000,1.0000,47.5000,95.0000,142.5000
4760,4.7600,9.5200,1.0000,47.6000,95.2000,142.8000
4770,4.7700,9.5400,1.0000,47.7000,95.4000,143.1000
4780,4.7800,9.5600,1.0000,47.8000,95.6000,143.4000
4790,4.7900,9.5800,1.0000,47.9000,95.8000,143.7000
4800,4.8000,9.6000,1.0000,48.0000,96.0000,144.0000
4810,4.8100,9.6200,1.0000,48.1000,96.2000,144.3000
4820,4.8200,9.6400,1.0000,48.2000,96.4000,144.6000
4830,4.8300,9.6600,1.0000,48.3000,96.6000,144.9000
4840,4.8400,9.6800,1.0000,48.4000,96.8000,145.2000
4850,4.8500,9.7000,1.0000,48.5000,97.0000,145.5000
4860,4.8600,9.7200,1.0000,48.6000,97.2000,145.8000
4870,4.8700,9.7400,1.0000,48.7000,97.4000,146.1000
4880,4.8800,9.7600,1.0000,48.8000,97.6000,146.4000
4890,4.8900,9.7800,1.0000,48.9000,97.8000,146.7000
4900,4.9000,9.8000,1.0000,49.0000,98.0000,147.0000
4910,4.9100,9.8200,1.0000,49.1000,98.2000,147.3000
4920,4.9200,9.8400,1.0000,49.2000,98.4000,147.6000
4930,4.9300,9.8600,1.0000,49.3000,98.6000,147.9000
4940,4.9400,9.8800,1.0000,49.4000,98.8000,148.2000
4950,4.9500,9.9000,1.0000,49.5000,99.0000,148.5000
4960,4.9600,9.9200,1.0000,49.6000,99.2000,148.8000
4970,4.9700,9.9400,1.0000,49.7000,99.4000,149.1000
4980,4.9800,9.9600,1.0000,49.8000,99.6000,149.4000
4990,4.9900,9.9800,1.0000,49.9000,99.8000,149.7000
5000,5.0000,10.0000,1.0000,50.0000,100.0000,150.0000
5010,5.0100,10.0200,1.0000,50.1000,100.2000,150.3000
5020,5.0200,10.0400,1.0000,50.2000,100.4000,150.6000
5030,5.0300,10.0600,1.0000,50.3000,100.6000,150.9000
5040,5.0400,10.0800,1.0000,50.4000,100.8000,151.2000
5050,5.0500,10.1000,1.0000,50.5000,101.0000,151.5000
5060,5.0600,10.1200,1.0000,50.6000,101.2000,151.8000
5070,5.0700,10.1400,1.0000,50.7000,101.4000,152.1000
5080,5.0800,10.1600,1.0000,50.8000,101.6000,152.4000
5090,5.0900,10.1800,1.0000,50.9000,101.8000,152.7000
5100,5.1000,10.2000,1.0000,51.0000,102.0000,153.0000
5110,5.1100,10.2200,1.0000,51.1000,102.2000,153.3000
5120,5.1200,10.2400,1.0000,51.2000,102.4000,153.6000
5130,5.1300,10.2600,1.0000,51.3000,102.6000,153.9000
5140,5.1400,10.2800,1.0000,51.4000,102.8000,154.2000
5150,5.1500,10.3000,1.0000,51.5000,103.0000,154.5000
5160,5.1600,10.3200,1.0000,51.6000,103.2000,154.8000
5170,5.1700,10.3400,1.0000,51.7000,103.4000,155.1000
5180,5.1800,10.3600,1.0000,51.8000,103.6000,155.4000
5190,5.1900,10.3800,1.0000,51.9000,103.8000,155.7000
5200,5.2000,10.4000,1.0000,52.0000,104.0000,156.0000
5210,5.2100,10.4200,1.0000,52.1000,104.2000,156.3000
5220,5.2200,10.4400,1.0000,52.2000,104.4000,156.6000
5230,5.2300,10.4600,1.0000,52.3000,104.6000,156.9000
5240,5.2400,10.4800,1.0000,52.4000,104.8000,157.2000
5250,5.2500,10.5000,1.0000,52.5000,105.0000,157.5000
5260,5.2600,10.5200,1.0000,52.6000,105.2000,157.8000
5270,5.2700,10.5400,1.0000,52.7000,105.4000,158.1000
5280,5.2800,10.5600,1.0000,52.8000,105.6000,158.4000
5290,5.2900,10.5800,1.0000,52.9000,105.8000,158.7000
5300,5.3000,10.6000,1.0000,53.0000,106.0000,159.0000
5310,5.3100,10.6200,1.0000,53.1000,106.2000,159.3000
5320,5.3200,10.6400,1.0000,53.2000,106.4000,159.6000
5330,5.3300,10.6600,1.0000,53.3000,106.6000,159.9000
5340,5.3400,10.6800,1.0000,53.4000,106.8000,160.2000
5350,5.3500,10.7000,1.0000,53.5000,107.0000,160.5000
5360,5.3600,10.7200,1.0000,53.6000,107.2000,160.8000
5370,5.3700,10.7400,1.0000,53.7000,107.4000,161.1000
5380,5.3800,10.7600,1.0000,53.8000,107.6000,161.4000
5390,5.3900,10.7800,1.0000,53.9000,107.8000,161.7000
5400,5.4000,10.8000,1.0000,54.0000,108.0000,162.0000
5410,5.4100,10.8200,1.0000,54.1000,108.2000,162.3000
5420,5.4200,10.8400,1.0000,54.2000,108.4000,162.6000
5430,5.4300,10.8600,1.0000,54.3000,108.6000,162.9000
5440,5.4400,10.8800,1.0000,54.4000,108.8000,163.2000
5450,5.4500,10.9000,1.0000,54.5000,109.0000,163.5000
5460,5.4600,10.9200,1.0000,54.6000,109.2000,163.8000
5470,5.4700,10.9400,1.0000,54.7000,109.4000,164.1000
5480,5.4800,10.9600,1.0000,54.8000,109.6000,164.4000
5490,5.4900,10.9800,1.0000,54.9000,109.8000,164.7000
5500,5.5000,11.0000,1.0000,55.0000,110.0000,165.0000
5510,5.5100,11.0200,1.0000,55.1000,110.2000,165.3000
5520,5.5200,11.0400,1.0000,55.2000,110.4000,165.6000
5530,5.5300,11.0600,1.0000,55.3000,110.6000,165.9000
5540,5.5400,11.0800,1.0000,55.4000,110.8000,166.2000
5550,5.5500,11.1000,1.0000,55.5000,111.0000,166.5000
5560,5.5600,11.1200,1.0000,55.6000,111.2000,166.8000
5570,5.5700,11.1400,1.0000,55.7000,111.4000,167.1000
5580,5.5800,11.1600,1.0000,55.8000,111.6000,167.4000
5590,5.5900,11.1800,1.0000,55.9000,111.8000,167.7000
5600,5.6000,11.2000,1.0000,56.0000,112.0000,168.0000
5610,5.6100,11.2200,1.0000,56.1000,112.2000,168.3000
5620,5.6200,11.2400,1.0000,56.2000,112.4000,168.6000
5630,5.6300,11.2600,1.0000,56.3000,112.6000,168.9000
5640,5.6400,11.2800,1.0000,56.4000,112.8000,169.2000
5650,5.6500,11.3000,1.0000,56.5000,113.0000,169.5000
5660,5.6600,11.3200,1.0000,56.6000,113.2000,169.8000
5670,5.6700,11.3400,1.0000,56.7000,113.4000,170.1000
5680,5.6800,11.3600,1.0000,56.8000,113.6000,170.4000
5690,5.6900,11.3800,1.0000,56.9000,113.8000,170.7000
5700,5.7000,11.4000,1.0000,57.0000,114.0000,171.0000
5710,5.7100,11.4200,1.0000,57.1000,114.2000,171.3000
5720,5.7200,11.4400,1.0000,57.2000,114.4000,171.6000
5730,5.7300,11.4600,1.0000,57.3000,114.6000,171.9000
5740,5.7400,11.4800,1.0000,57.4000,114.8000,172.2000
5750,5.7500,11.5000,1.0000,57.5000,115.0000,172.5000
5760,5.7600,11.5200,1.0000,57.6000,115.2000,172.8000
5770,5.7700,11.5400,1.0000,57.7000,115.4000,173.1000
5780,5.7800,11.5600,1.0000,57.8000,115.6000,173.4000
5790,5.7900,11.5800,1.0000,57.9000,115.8000,173.7000
5800,5.8000,11.6000,1.0000,58.0000,116.0000,174.0000
5810,5.8100,11.6200,1.0000,58.1000,116.2000,174.3000
5820,5.8200,11.6400,1.0000,58.2000,116.4000,174.6000
5830,5.8300,11.6600,1.0000,58.3000,116.6000,174.9000
5840,5.8400,11.6800,1.0000,58.4000,116.8000,175.2000
5850,5.8500,11.7000,1.0000,58.5000,117.0000,175.5000
5860,5.8600,11.7200,1.0000,58.6000,117.2000,175.8000
5870,5.8700,11.7400,1.0000,58.7000,117.4000,176.1000
5880,5.8800,11.7600,1.0000,58.8000,117.6000,176.4000
5890,5.8900,11.7800,1.0000,58.9000,117.8000,176.7000
5900,5.9000,11.8000,1.0000,59.0000,118.0000,177.0000
5910,5.9100,11.8200,1.0000,59.1000,118.2000,177.3000
5920,5.9200,11.8400,1.0000,59.2000,118.4000,177.6000
5930,5.9300,11.8600,1.0000,59.3000,118.6000,177.9000
5940,5.9400,11.8800,1.0000,59.4000,118.8000,178.2000
5950,5.9500,11.9000,1.0000,59.5000,119.0000,178.5000
5960,5.9600,11.9200,1.0000,59.6000,119.2000,178.8000
5970,5.9700,11.9400,1.0000,59.7000,119.4000,179.1000
5980,5.9800,11.9600,1.0000,59.8000,119.6000,179.4000
5990,5.9900,11.9800,1.0000,59.9000,119.8000,179.7000
6000,6.0000,12.0000,1.0000,60.0000,120.0000,180.0000
6010,6.0100,12.0200,1.0000,60.1000,120.2000,180.3000
6020,6.0200,12.0400,1.0000,60.2000,120.4000,180.6000
6030,6.0300,12.0600,1.0000,60.3000,120.6000,180.9000
6040,6.0400,12.0800,1.0000,60.4000,120.8000,181.2000
6050,6.0500,12.1000,1.0000,60.5000,121.0000,181.5000
6060,6.0600,12.1200,1.0000,60.6000,121.2000,181.8000
6070,6.0700,12.1400,1.0000,60.7000,121.4000,182.1000
6080,6.0800,12.1600,1.0000,60.8000,121.6000,182.4000
6090,6.0900,12.1800,1.0000,60.9000,121.8000,182.7000
6100,6.1000,12.2000,1.0000,61.0000,122.0000,183.0000
6110,6.1100,12.2200,1.0000,61.1000,122.2000,183.3000
6120,6.1200,12.2400,1.0000,61.2000,122.4000,183.6000
6130,6.1300,12.2600,1.0000,61.3000,122.6000,183.9000
6140,6.1400,12.2800,1.0000,61.4000,122.8000,184.2000
6150,6.1500,12.3000,1.0000,61.5000,123.0000,184.5000
6160,6.1600,12.3200,1.0000,61.6000,123.2000,184.8000
6170,6.1700,12.3400,1.0000,61.7000,123.4000,185.1000
6180,6.1800,12.3600,1.0000,61.8000,123.6000,185.4000
6190,6.1900,12.3800,1.0000,61.9000,123.8000,185.7000
6200,6.2000,12.4000,1.0000,62.0000,124.0000,186.0000
6210,6.2100,12.4200,1.0000,62.1000,124.2000,186.3000
6220,6.2200,12.4400,1.0000,62.2000,124.4000,186.6000
6230,6.2300,12.4600,1.0000,62.3000,124.6000,186.9000
6240,6.2400,12.4800,1.0000,62.4000,124.8000,187.2000
6250,6.2500,12.5000,1.0000,62.5000,125.0000,187.5000
6260,6.2600,12.5200,1.0000,62.6000,125.2000,187.8000
6270,6.2700,12.5400,1.0000,62.7000,125.4000,188.1000
6280,6.2800,12.5600,1.0000,62.8000,125.6000,188.4000
6290,6.2900,12.5800,1.0000,62.9000,125.8000,188.7000
6300,6.3000,12.6000,1.0000,63.0000,126.0000,189.0000
6310,6.3100,12.6200,1.0000,63.1000,126.2000,189.3000
6320,6.3200,12.6400,1.0000,63.2000,126.4000,189.6000
6330,6.3300,12.6600,1.0000,63.3000,126.6000,189.9000
6340,6.3400,12.6800,1.0000,63.4000,126.8000,190.2000
6350,6.3500,12.7000,1.0000,63.5000,127.0000,190.5000
6360,6.3600,12.7200,1.0000,63.6000,127.2000,190.8000
6370,6.3700,12.7400,1.0000,63.7000,127.4000,191.1000
6380,6.3800,12.7600,1.0000,63.8000,127.6000,191.4000
6390,6.3900,12.7800,1.0000,63.9000,127.8000,191.7000
6400,6.4000,12.8000,1.0000,64.0000,128.0000,192.0000
6410,6.4100,12.8200,1.0000,64.1000,128.2000,192.3000
6420,6.4200,12.8400,1.0000,64.2000,128.4000,192.6000
6430,6.4300,12.8600,1.0000,64.3000,128.6000,192.9000
6440,6.4400,12.8800,1.0000,64.4000,128.8000,193.2000
6450,6.4500,12.9000,1.0000,64.5000,129.0000,193.5000
6460,6.4600,12.9200,1.0000,64.6000,129.2000,193.8000
6470,6.4700,12.9400,1.0000,64.7000,129.4000,194.1000
6480,6.4800,12.9600,1.0000,64.8000,129.6000,194.4000
6490,6.4900,12.9800,1.0000,64.9000,129.8000,194.7000
6500,6.5000,13.0000,1.0000,65.0000,130.0000,195.0000
6510,6.5100,13.0200,1.0000,65.1000,130.2000,195.3000
6520,6.5200,13.0400,1.0000,65.2000,130.4000,195.6000
6530,6.5300,13.0600,1.0000,65.3000,130.6000,195.9000
6540,6.5400,13.0800,1.0000,65.4000,130.8000,196.2000
6550,6.5500,13.1000,1.0000,65.5000,131.0000,196.5000
6560,6.5600,13.1200,1.0000,65.6000,131.2000,196.8000
6570,6.5700,13.1400,1.0000,65.7000,131.4000,197.1000
6580,6.5800,13.1600,1.0000,65.8000,131.6000,197.4000
6590,6.5900,13.1800,1.0000,65.9000,131.8000,197.7000
6600,6.6000,13.2000,1.0000,66.0000,132.0000,198.0000
6610,6.6100,13.2200,1.0000,66.1000,132.2000,198.3000
6620,6.6200,13.2400,1.0000,66.2000,132.4000,198.6000
6630,6.6300,13.2600,1.0000,66.3000,132.6000,198.9000
6640,6.6400,13.2800,1.0000,66.4000,132.8000,199.2000
6650,6.6500,13.3000,1.0000,66.5000,133.0000,199.5000
6660,6.6600,13.3200,1.0000,66.6000,133.2000,199.8000
6670,6.6700,13.3400,1.0000,66.7000,133.4000,200.1000
6680,6.6800,13.3600,1.0000,66.8000,133.6000,200.4000
6690,6.6900,13.3800,1.0000,66.9000,133.8000,200.7000
6700,6.7000,13.4000,1.0000,67.0000,134.0000,201.0000
6710,6.7100,13.4200,1.0000,67.1000,134.2000,201.3000
6720,6.7200,13.4400,1.0000,67.2000,134.4000,201.6000
6730,6.7300,13.4600,1.0000,67.3000,134.6000,201.9000
6740,6.7400,13.4800,1.0000,67.4000,134.8000,202.2000
6750,6.7500,13.5000,1.0000,67.5000,135.0000,202.5000
6760,6.7600,13.5200,1.0000,67.6000,135.2000,202.8000
6770,6.7700,13.5400,1.0000,67.7000,135.4000,203.1000
6780,6.7800,13.5600,1.0000,67.8000,135.6000,203.4000
6790,6.7900,13.5800,1.0000,67.9000,135.8000,203.7000
6800,6.8000,13.6000,1.0000,68.0000,136.0000,204.0000
6810,6.8100,13.6200,1.0000,68.1000,136.2000,204.3000
6820,6.8200,13.6400,1.0000,68.2000,136.4000,204.6000
6830,6.8300,13.6600,1.0000,68.3000,136.6000,204.9000
6840,6.8400,13.6800,1.0000,68.4000,136.8000,205.2000
6850,6.8500,13.7000,1.0000,68.5000,137.0000,205.5000
6860,6.8600,13.7200,1.0000,68.6000,137.2000,205.8000
6870,6.8700,13.7400,1.0000,68.7000,137.4000,206.1000
6880,6.8800,13.7600,1.0000,68.8000,137.6000,206.4000
6890,6.8900,13.7800,1.0000,68.9000,137.8000,206.7000
6900,6.9000,13.8000,1.0000,69.0000,138.0000,207.0000
6910,6.9100,13.8200,1.0000,69.1000,138.2000,207.3000
6920,6.9200,13.8400,1.0000,69.2000,138.4000,207.6000
6930,6.9300,13.8600,1.0000,69.3000,138.6000,207.9000
6940,6.9400,13.8800,1.0000,69.4000,138.8000,208.2000
6950,6.9500,13.9000,1.0000,69.5000,139.0000,208.5000
6960,6.9600,13.9200,1.0000,69.6000,139.2000,208.8000
6970,6.9700,13.9400,1.0000,69.7000,139.4000,209.1000
6980,6.9800,13.9600,1.0000,69.8000,139.6000,209.4000
6990,6.9900,13.9800,1.0000,69.9000,139.8000,209.7000
7000,7.0000,14.0000,1.0000,70.0000,140.0000,210.0000
7010,7.0100,14.0200,1.0000,70.1000,140.2000,210.3000
7020,7.0200,14.0400,1.0000,70.2000,140.4000,210.6000
7030,7.0300,14.0600,1.0000,70.3000,140.6000,210.9000
7040,7.0400,14.0800,1.0000,70.4000,140.8000,211.2000
7050,7.0500,14.1000,1.0000,70.5000,141.0000,211.5000
7060,7.0600,14.1200,1.0000,70.6000,141.2000,211.8000
7070,7.0700,14.1400,1.0000,70.7000,141.4000,212.1000
7080,7.0800,14.1600,1.0000,70.8000,141.6000,212.4000
7090,7.0900,14.1800,1.0000,70.9000,141.8000,212.7000
7100,7.1000,14.2000,1.0000,71.0000,142.0000,213.0000
7110,7.1100,14.2200,1.0000,71.1000,142.2000,213.3000
7120,7.1200,14.2400,1.0000,71.2000,142.4000,213.6000
7130,7.1300,14.2600,1.0000,71.3000,142.6000,213.9000
7140,7.1400,14.2800,1.0000,71.4000,142.8000,214.2000
7150,7.1500,14.3000,1.0000,71.5000,143.0000,214.5000
7160,7.1600,14.3200,1.0000,71.6000,143.2000,214.8000
7170,7.1700,14.3400,1.0000,71.7000,143.4000,215.1000
7180,7.1800,14.3600,1.0000,71.8000,143.6000,215.4000
7190,7.1900,14.3800,1.0000,71.9000,143.8000,215.7000
7200,7.2000,14.4000,1.0000,72.0000,144.0000,216.0000
7210,7.2100,14.4200,1.0000,72.1000,144.2000,216.3000
7220,7.2200,14.4400,1.0000,72.2000,144.4000,216.6000
7230,7.2300,14.4600,1.0000,72.3000,144.6000,216.9000
7240,7.2400,14.4800,1.0000,72.4000,144.8000,217.2000
7250,7.2500,14.5000,1.0000,72.5000,145.0000,217.5000
7260,7.2600,14.5200,1.0000,72.6000,145.2000,217.8000
7270,7.2700,14.5400,1.0000,72.7000,145.4000,218.1000
7280,7.2800,14.5600,1.0000,72.8000,145.6000,218.4000
7290,7.2900,14.5800,1.0000,72.9000,145.8000,218.7000
7300,7.3000,14.6000,1.0000,73.0000,146.0000,219.0000
7310,7.3100,14.6200,1.0000,73.1000,146.2000,219.3000
7320,7.3200,14.6400,1.0000,73.2000,146.4000,219.6000
7330,7.3300,14.6600,1.0000,73.3000,146.6000,219.9000
7340,7.3400,14.6800,1.0000,73.4000,146.8000,220.2000
7350,7.3500,14.7000,1.0000,73.5000,147.0000,220.5000
7360,7.3600,14.7200,1.0000,73.6000,147.2000,220.8000
7370,7.3700,14.7400,1.0000,73.7000,147.4000,221.1000
7380,7.3800,14.7600,1.0000,73.8000,147.6000,221.4000
7390,7.3900,14.7800,1.0000,73.9000,147.8000,221.7000
7400,7.4000,14.8000,1.0000,74.0000,148.0000,222.0000
7410,7.4100,14.8200,1.0000,74.1000,148.2000,222.3000
7420,7.4200,14.8400,1.0000,74.2000,148.4000,222.6000
7430,7.4300,14.8600,1.0000,74.3000,148.6000,222.9000
7440,7.4400,14.8800,1.0000,74.4000,148.8000,223.2000
7450,7.4500,14.9000,1.0000,74.5000,149.0000,223.5000
7460,7.4600,14.9200,1.0000,74.6000,149.2000,223.8000
7470,7.4700,14.9400,1.0000,74.7000,149.4000,224.1000
7480,7.4800,14.9600,1.0000,74.8000,149.6000,224.4000
7490,7.4900,14.9800,1.0000,74.9000,149.8000,224.7000
7500,7.5000,15.0000,1.0000,75.0000,150.0000,225.0000
7510,7.5100,15.0200,1.0000,75.1000,150.2000,225.3000
7520,7.5200,15.0400,1.0000,75.2000,150.4000,225.6000
7530,7.5300,15.0600,1.0000,75.3000,150.6000,225.9000
7540,7.5400,15.0800,1.0000,75.4000,150.8000,226.2000
7550,7.5500,15.1000,1.0000,75.5000,151.0000,226.5000
7560,7.5600,15.1200,1.0000,75.6000,151.2000,226.8000
7570,7.5700,15.1400,1.0000,75.7000,151.4000,227.1000
7580,7.5800,15.1600,1.0000,75.8000,151.6000,227.4000
7590,7.5900,15.1800,1.0000,75.9000,151.8000,227.7000
7600,7.6000,15.2000,1.0000,76.0000,152.0000,228.0000
7610,7.6100,15.2200,1.0000,76.1000,152.2000,228.3000
7620,7.6200,15.2400,1.0000,76.2000,152.4000,228.6000
7630,7.6300,15.2600,1.0000,76.3000,152.6000,228.9000
7640,7.6400,15.2800,1.0000,76.4000,152.8000,229.2000
7650,7.6500,15.3000,1.0000,76.5000,153.0000,229.5000
7660,7.6600,15.3200,1.0000,76.6000,153.2000,229.8000
7670,7.6700,15.3400,1.0000,76.7000,153.4000,230.1000
7680,7.6800,15.3600,1.0000,76.8000,153.6000,230.4000
7690,7.6900,15.3800,1.0000,76.9000,153.8000,230.7000
7700,7.7000,15.4000,1.0000,77.0000,154.0000,231.0000
7710,7.7100,15.4200,1.0000,77.1000,154.2000,231.3000
7720,7.7200,15.4400,1.0000,77.2000,154.4000,231.6000
7730,7.7300,15.4600,1.0000,77.3000,154.6000,231.9000
7740,7.7400,15.4800,1.0000,77.4000,154.8000,232.2000
7750,7.7500,15.5000,1.0000,77.5000,155.0000,232.5000
7760,7.7600,15.5200,1.0000,77.6000,155.2000,232.8000
7770,7.7700,15.5400,1.0000,77.7000,155.4000,233.1000
7780,7.7800,15.5600,1.0000,77.8000,155.6000,233.4000
7790,7.7900,15.5800,1.0000,77.9000,155.8000,233.7000
7800,7.8000,15.6000,1.0000,78.0000,156.0000,234.0000
7810,7.8100,15.6200,1.0000,78.1000,156.2000,234.3000
7820,7.8200,15.6400,1.0000,78.2000,156.4000,234.6000
7830,7.8300,15.6600,1.0000,78.3000,156.6000,234.9000
7840,7.8400,15.6800,1.0000,78.4000,156.8000,235.2000
7850,7.8500,15.7000,1.0000,78.5000,157.0000,235.5000
7860,7.8600,15.7200,1.0000,78.6000,157.2000,235.8000
7870,7.8700,15.7400,1.0000,78.7000,157.4000,236.1000
7880,7.8800,15.7600,1.0000,78.8000,157.6000,236.4000
7890,7.8900,15.7800,1.0000,78.9000,157.8000,236.7000
7900,7.9000,15.8000,1.0000,79.0000,158.0000,237.0000
7910,7.9100,15.8200,1.0000,79.1000,158.2000,237.3000
7920,7.9200,15.8400,1.0000,79.2000,158.4000,237.6000
7930,7.9300,15.8600,1.0000,79.3000,158.6000,237.9000
7940,7.9400,15.8800,1.0000,79.4000,158.8000,238.2000
7950,7.9500,15.9000,1.0000,79.5000,159.0000,238.5000
7960,7.9600,15.9200,1.0000,79.6000,159.2000,238.8000
7970,7.9700,15.9400,1.0000,79.7000,159.4000,239.1000
7980,7.9800,15.9600,1.0000,79.8000,159.6000,239.4000
7990,7.9900,15.9800,1.0000,79.9000,159.8000,239.7000
8000,8.0000,16.0000,1.0000,80.0000,160.0000,240.0000
8010,8.0100,16.0200,1.0000,80.1000,160.2000,240.3000
8020,8.0200,16.0400,1.0000,80.2000,160.4000,240.6000
8030,8.0300,16.0600,1.0000,80.3000,160.6000,240.9000
8040,8.0400,16.0800,1.0000,80.4000,160.8000,241.2000
8050,8.0500,16.1000,1.0000,80.5000,161.0000,241.5000
8060,8.0600,16.1200,1.0000,80.6000,161.2000,241.8000
8070,8.0700,16.1400,1.0000,80.7000,161.4000,242.1000
8080,8.0800,16.1600,1.0000,80.8000,161.6000,242.4000
8090,8.0900,16.1800,1.0000,80.9000,161.8000,242.7000
8100,8.1000,16.2000,1.0000,81.0000,162.0000,243.0000
8110,8.1100,16.2200,1.0000,81.1000,162.2000,243.3000
8120,8.1200,16.2400,1.0000,81.2000,162.4000,243.6000
8130,8.1300,16.2600,1.0000,81.3000,162.6000,243.9000
8140,8.1400,16.2800,1.0000,81.4000,162.8000,244.2000
8150,8.1500,16.3000,1.0000,81.5000,163.0000,244.5000
8160,8.1600,16.3200,1.0000,81.6000,163.2000,244.8000
8170,8.1700,16.3400,1.0000,81.7000,163.4000,245.1000
8180,8.1800,16.3600,1.0000,81.8000,163.6000,245.4000
8190,8.1900,16.3800,1.0000,81.9000,163.8000,245.7000
8200,8.2000,16.4000,1.0000,82.0000,164.0000,246.0000
8210,8.2100,16.4200,1.0000,82.1000,164.2000,246.3000
8220,8.2200,16.4400,1.0000,82.2000,164.4000,246.6000
8230,8.2300,16.4600,1.0000,82.3000,164.6000,246.9000
8240,8.2400,16.4800,1.0000,82.4000,164.8000,247.2000
8250,8.2500,16.5000,1.0000,82.5000,165.0000,247.5000
8260,8.2600,16.5200,1.0000,82.6000,165.2000,247.8000
8270,8.2700,16.5400,1.0000,82.7000,165.4000,248.1000
8280,8.2800,16.5600,1.0000,82.8000,165.6000,248.4000
8290,8.2900,16.5800,1.0000,82.9000,165.8000,248.7000
8300,8.3000,16.6000,1.0000,83.0000,166.0000,249.0000
8310,8.3100,16.6200,1.0000,83.1000,166.2000,249.3000
8320,8.3200,16.6400,1.0000,83.2000,166.4000,249.6000
8330,8.3300,16.6600,1.0000,83.3000,166.6000,249.9000
8340,8.3400,16.6800,1.0000,83.4000,166.8000,250.2000
8350,8.3500,16.7000,1.0000,83.5000,167.0000,250.5000
8360,8.3600,16.7200,1.0000,83.6000,167.2000,250.8000
8370,8.3700,16.7400,1.0000,83.7000,167.4000,251.1000
8380,8.3800,16.7600,1.0000,83.8000,167.6000,251.4000
8390,8.3900,16.7800,1.0000,83.9000,167.8000,251.7000
8400,8.4000,16.8000,1.0000,84.0000,168.0000,252.0000
8410,8.4100,16.8200,1.0000,84.1000,168.2000,252.3000
8420,8.4200,16.8400,1.0000,84.2000,168.4000,252.6000
8430,8.4300,16.8600,1.0000,84.3000,168.6000,252.9000
8440,8.4400,16.8800,1.0000,84.4000,168.8000,253.2000
8450,8.4500,16.9000,1.0000,84.5000,169.0000,253.5000
8460,8.4600,16.9200,1.0000,84.6000,169.2000,253.8000
8470,8.4700,16.9400,1.0000,84.7000,169.4000,254.1000
8480,8.4800,16.9600,1.0000,84.8000,169.6000,254.4000
8490,8.4900,16.9800,1.0000,84.9000,169.8000,254.7000
8500,8.5000,17.0000,1.0000,85.0000,170.0000,255.0000
8510,8.5100,17.0200,1.0000,85.1000,170.2000,255.3000
8520,8.5200,17.0400,1.0000,85.2000,170.4000,255.6000
8530,8.5300,17.0600,1.0000,85.3000,170.6000,255.9000
8540,8.5400,17.0800,1.0000,85.4000,170.8000,256.2000
8550,8.5500,17.1000,1.0000,85.5000,171.0000,256.5000
8560,8.5600,17.1200,1.0000,85.6000,171.2000,256.8000
8570,8.5700,17.1400,1.0000,85.7000,171.4000,257.1000
8580,8.5800,17.1600,1.0000,85.8000,171.6000,257.4000
8590,8.5900,17.1800,1.0000,85.9000,171.8000,257.7000
8600,8.6000,17.2000,1.0000,86.0000,172.0000,258.0000
8610,8.6100,17.2200,1.0000,86.1000,172.2000,258.3000
8620,8.6200,17.2400,1.0000,86.2000,172.4000,258.6000
8630,8.6300,17.2600,1.0000,86.3000,172.6000,258.9000
8640,8.6400,17.2800,1.0000,86.4000,172.8000,259.2000
8650,8.6500,17.3000,1.0000,86.5000,173.0000,259.5000
8660,8.6600,17.3200,1.0000,86.6000,173.2000,259.8000
8670,8.6700,17.3400,1.0000,86.7000,173.4000,260.1000
8680,8.6800,17.3600,1.0000,86.8000,173.6000,260.4000
8690,8.6900,17.3800,1.0000,86.9000,173.8000,260.7000
8700,8.7000,17.4000,1.0000,87.0000,174.0000,261.0000
8710,8.7100,17.4200,1.0000,87.1000,174.2000,261.3000
8720,8.7200,17.4400,1.0000,87.2000,174.4000,261.6000
8730,8.7300,17.4600,1.0000,87.3000,174.6000,261.9000
8740,8.7400,17.4800,1.0000,87.4000,174.8000,262.2000
8750,8.7500,17.5000,1.0000,87.5000,175.0000,262.5000
8760,8.7600,17.5200,1.0000,87.6000,175.2000,262.8000
8770,8.7700,17.5400,1.0000,87.7000,175.4000,263.1000
8780,8.7800,17.5600,1.0000,87.8000,175.6000,263.4000
8790,8.7900,17.5800,1.0000,87.9000,175.8000,263.7000
8800,8.8000,17.6000,1.0000,88.0000,176.0000,264.0000
8810,8.8100,17.6200,1.0000,88.1000,176.2000,264.3000
8820,8.8200,17.6400,1.0000,88.2000,176.4000,264.6000
8830,8.8300,17.6600,1.0000,88.3000,176.6000,264.9000
8840,8.8400,17.6800,1.0000,88.4000,176.8000,265.2000
8850,8.8500,17.7000,1.0000,88.5000,177.0000,265.5000
8860,8.8600,17.7200,1.0000,88.6000,177.2000,265.8000
8870,8.8700,17.7400,1.0000,88.7000,177.4000,266.1000
8880,8.8800,17.7600,1.0000,88.8000,177.6000,266.4000
8890,8.8900,17.7800,1.0000,88.9000,177.8000,266.7000
8900,8.9000,17.8000,1.0000,89.0000,178.0000,267.0000
8910,8.9100,17.8200,1.0000,89.1000,178.2000,267.3000
8920,8.9200,17.8400,1.0000,89.2000,178.4000,267.6000
8930,8.9300,17.8600,1.0000,89.3000,178.6000,267.9000
8940,8.9400,17.8800,1.0000,89.4000,178.8000,268.2000
8950,8.9500,17.9000,1.0000,89.5000,179.0000,268.5000
8960,8.9600,17.9200,1.0000,89.6000,179.2000,268.8000
8970,8.9700,17.9400,1.0000,89.7000,179.4000,269.1000
8980,8.9800,17.9600,1.0000,89.8000,179.6000,269.4000
8990,8.9900,17.9800,1.0000,89.9000,179.8000,269.7000
9000,9.0000,18.0000,1.0000,90.0000,180.0000,270.0000
9010,9.0100,18.0200,1.0000,90.1000,180.2000,270.3000
9020,9.0200,18.0400,1.0000,90.2000,180.4000,270.6000
9030,9.0300,18.0600,1.0000,90.3000,180.6000,270.9000
9040,9.0400,18.0800,1.0000,90.4000,180.8000,271.2000
9050,9.0500,18.1000,1.0000,90.5000,181.0000,271.5000
9060,9.0600,18.1200,1.0000,90.6000,181.2000,271.8000
9070,9.0700,18.1400,1.0000,90.7000,181.4000,272.1000
9080,9.0800,18.1600,1.0000,90.8000,181.6000,272.4000
9090,9.0900,18.1800,1.0000,90.9000,181.8000,272.7000
9100,9.1000,18.2000,1.0000,91.0000,182.0000,273.0000
9110,9.1100,18.2200,1.0000,91.1000,182.2000,273.3000
9120,9.1200,18.2400,1.0000,91.2000,182.4000,273.6000
9130,9.1300,18.2600,1.0000,91.3000,182.6000,273.9000
9140,9.1400,18.2800,1.0000,91.4000,182.8000,274.2000
9150,9.1500,18.3000,1.0000,91.5000,183.0000,274.5000
9160,9.1600,18.3200,1.0000,91.6000,183.2000,274.8000
9170,9.1700,18.3400,1.0000,91.7000,183.4000,275.1000
9180,9.1800,18.3600,1.0000,91.8000,183.6000,275.4000
9190,9.1900,18.3800,1.0000,91.9000,183.8000,275.7000
9200,9.2000,18.4000,1.0000,92.0000,184.0000,276.0000
9210,9.2100,18.4200,1.0000,92.1000,184.2000,276.3000
9220,9.2200,18.4400,1.0000,92.2000,184.4000,276.6000
9230,9.2300,18.4600,1.0000,92.3000,184.6000,276.9000
9240,9.2400,18.4800,1.0000,92.4000,184.8000,277.2000
9250,9.2500,18.5000,1.0000,92.5000,185.0000,277.5000
9260,9.2600,18.5200,1.0000,92.6000,185.2000,277.8000
9270,9.2700,18.5400,1.0000,92.7000,185.4000,278.1000
9280,9.2800,18.5600,1.0000,92.8000,185.6000,278.4000
9290,9.2900,18.5800,1.0000,92.9000,185.8000,278.7000
9300,9.3000,18.6000,1.0000,93.0000,186.0000,279.0000
9310,9.3100,18.6200,1.0000,93.1000,186.2000,279.3000
9320,9.3200,18.6400,1.0000,93.2000,186.4000,279.6000
9330,9.3300,18.6600,1.0000,93.3000,186.6000,279.9000
9340,9.3400,18.6800,1.0000,93.4000,186.8000,280.2000
9350,9.3500,18.7000,1.0000,93.5000,187.0000,280.5000
9360,9.3600,18.7200,1.0000,93.6000,187.2000,280.8000
9370,9.3700,18.7400,1.0000,93.7000,187.4000,281.1000
9380,9.3800,18.7600,1.0000,93.8000,187.6000,281.4000
9390,9.3900,18.7800,1.0000,93.9000,187.8000,281.7000
9400,9.4000,18.8000,1.0000,94.0000,188.0000,282.0000
9410,9.4100,18.8200,1.0000,94.1000,188.2000,282.3000
9420,9.4200,18.8400,1.0000,94.2000,188.4000,282.6000
9430,9.4300,18.8600,1.0000,94.3000,188.6000,282.9000
9440,9.4400,18.8800,1.0000,94.4000,188.8000,283.2000
9450,9.4500,18.9000,1.0000,94.5000,189.0000,283.5000
9460,9.4600,18.9200,1.0000,94.6000,189.2000,283.8000
9470,9.4700,18.9400,1.0000,94.7000,189.4000,284.1000
9480,9.4800,18.9600,1.0000,94.8000,189.6000,284.4000
9490,9.4900,18.9800,1.0000,94.9000,189.8000,284.7000
9500,9.5000,19.0000,1.0000,95.0000,190.0000,285.0000
9510,9.5100,19.0200,1.0000,95.1000,190.2000,285.3000
9520,9.5200,19.0400,1.0000,95.2000,190.4000,285.6000
9530,9.5300,19.0600,1.0000,95.3000,190.6000,285.9000
9540,9.5400,19.0800,1.0000,95.4000,190.8000,286.2000
9550,9.5500,19.1000,1.0000,95.5000,191.0000,286.5000
9560,9.5600,19.1200,1.0000,95.6000,191.2000,286.8000
9570,9.5700,19.1400,1.0000,95.7000,191.4000,287.1000
9580,9.5800,19.1600,1.0000,95.8000,191.6000,287.4000
9590,9.5900,19.1800,1.0000,95.9000,191.8000,287.7000
9600,9.6000,19.2000,1.0000,96.0000,192.0000,288.0000
9610,9.6100,19.2200,1.0000,96.1000,192.2000,288.3000
9620,9.6200,19.2400,1.0000,96.2000,192.4000,288.6000
9630,9.6300,19.2600,1.0000,96.3000,192.6000,288.9000
9640,9.6400,19.2800,1.0000,96.4000,192.8000,289.2000
9650,9.6500,19.3000,1.0000,96.5000,193.0000,289.5000
9660,9.6600,19.3200,1.0000,96.6000,193.2000,289.8000
9670,9.6700,19.3400,1.0000,96.7000,193.4000,290.1000
9680,9.6800,19.3600,1.0000,96.8000,193.6000,290.4000
9690,9.6900,19.3800,1.0000,96.9000,193.8000,290.7000
9700,9.7000,19.4000,1.0000,97.0000,194.0000,291.0000
9710,9.7100,19.4200,1.0000,97.1000,194.2000,291.3000
9720,9.7200,19.4400,1.0000,97.2000,194.4000,291.6000
9730,9.7300,19.4600,1.0000,97.3000,194.6000,291.9000
9740,9.7400,19.4800,1.0000,97.4000,194.8000,292.2000
9750,9.7500,19.5000,1.0000,97.5000,195.0000,292.5000
9760,9.7600,19.5200,1.0000,97.6000,195.2000,292.8000
9770,9.7700,19.5400,1.0000,97.7000,195.4000,293.1000
9780,9.7800,19.5600,1.0000,97.8000,195.6000,293.4000
9790,9.7900,19.5800,1.0000,97.9000,195.8000,293.7000
9800,9.8000,19.6000,1.0000,98.0000,196.0000,294.0000
9810,9.8100,19.6200,1.0000,98.1000,196.2000,294.3000
9820,9.8200,19.6400,1.0000,98.2000,196.4000,294.6000
9830,9.8300,19.6600,1.0000,98.3000,196.6000,294.9000
9840,9.8400,19.6800,1.0000,98.4000,196.8000,295.2000
9850,9.8500,19.7000,1.0000,98.5000,197.0000,295.5000
9860,9.8600,19.7200,1.0000,98.6000,197.2000,295.8000
9870,9.8700,19.7400,1.0000,98.7000,197.4000,296.1000
9880,9.8800,19.7600,1.0000,98.8000,197.6000,296.4000
9890,9.8900,19.7800,1.0000,98.9000,197.8000,296.7000
9900,9.9000,19.8000,1.0000,99.0000,198.0000,297.0000
9910,9.9100,19.8200,1.0000,99.1000,198.2000,297.3000
9920,9.9200,19.8400,1.0000,99.2000,198.4000,297.6000
9930,9.9300,19.8600,1.0000,99.3000,198.6000,297.9000
9940,9.9400,19.8800,1.0000,99.4000,198.8000,298.2000
9950,9.9500,19.9000,1.0000,99.5000,199.0000,298.5000
9960,9.9600,19.9200,1.0000,99.6000,199.2000,298.8000
9970,9.9700,19.9400,1.0000,99.7000,199.4000,299.1000
9980,9.9800,19.9600,1.0000,99.8000,199.6000,299.4000
9990,9.9900,19.9800,1.0000,99.9000,199.8000,299.7000
10000,10.0000,20.0000,1.0000,100.0000,200.0000,300.0000
10010,10.0100,20.0200,1.0000,100.1000,200.2000,300.3000
10020,10.0200,20.0400,1.0000,100.2000,200.4000,300.6000
10030,10.0300,20.0600,1.0000,100.3000,200.6000,300.9000
10040,10.0400,20.0800,1.0000,100.4000,200.8000,301.2000
10050,10.0500,20.1000,1.0000,100.5000,201.0000,301.5000
10060,10.0600,20.1200,1.0000,100.6000,201.2000,301.8000
10070,10.0700,20.1400,1.0000,100.7000,201.4000,302.1000
10080,10.0800,20.1600,1.0000,100.8000,201.6000,302.4000
10090,10.0900,20.1800,1.0000,100.9000,201.8000,302.7000
10100,10.1000,20.2000,1.0000,101.0000,202.0000,303.0000
10110,10.1100,20.2200,1.0000,101.1000,202.2000,303.3000
10120,10.1200,20.2400,1.0000,101.2000,202.4000,303.6000
10130,10.1300,20.2600,1.0000,101.3000,202.6000,303.9000
10140,10.1400,20.2800,1.0000,101.4000,202.8000,304.2000
10150,10.1500,20.3000,1.0000,101.5000,203.0000,304.5000
10160,10.1600,20.3200,1.0000,101.6000,203.2000,304.8000
10170,10.1700,20.3400,1.0000,101.7000,203.4000,305.1000
10180,10.1800,20.3600,1.0000,101.8000,203.6000,305.4000
10190,10.1900,20.3800,1.0000,101.9000,203.8000,305.7000
10200,10.2000,20.4000,1.0000,102.0000,204.0000,306.0000
10210,10.2100,20.4200,1.0000,102.1000,204.2000,306.3000
10220,10.2200,20.4400,1.0000,102.2000,204.4000,306.6000
10230,10.2300,20.4600,1.0000,102.3000,204.6000,306.9000
10240,10.2400,20.4800,1.0000,102.4000,204.8000,307.2000
10250,10.2500,20.5000,1.0000,102.5000,205.0000,307.5000
10260,10.2600,20.5200,1.0000,102.6000,205.2000,307.8000
10270,10.2700,20.5400,1.0000,102.7000,205.4000,308.1000
10280,10.2800,20.5600,1.0000,102.8000,205.6000,308.4000
10290,10.2900,20.5800,1.0000,102.9000,205.8000,308.7000
10300,10.3000,20.6000,1.0000,103.0000,206.0000,309.0000
10310,10.3100,20.6200,1.0000,103.1000,206.2000,309.3000
10320,10.3200,20.6400,1.0000,103.2000,206.4000,309.6000
10330,10.3300,20.6600,1.0000,103.3000,206.6000,309.9000
10340,10.3400,20.6800,1.0000,103.4000,206.8000,310.2000
10350,10.3500,20.7000,1.0000,103.5000,207.0000,310.5000
10360,10.3600,20.7200,1.0000,103.6000,207.2000,310.8000
10370,10.3700,20.7400,1.0000,103.7000,207.4000,311.1000
10380,10.3800,20.7600,1.0000,103.8000,207.6000,311.4000
10390,10.3900,20.7800,1.0000,103.9000,207.8000,311.7000
10400,10.4000,20.8000,1.0000,104.0000,208.0000,312.0000
10410,10.4100,20.8200,1.0000,104.1000,208.2000,312.3000
10420,10.4200,20.8400,1.0000,104.2000,208.4000,312.6000
10430,10.4300,20.8600,1.0000,104.3000,208.6000,312.9000
10440,10.4400,20.8800,1.0000,104.4000,208.8000,313.2000
10450,10.4500,20.9000,1.0000,104.5000,209.0000,313.5000
10460,10.4600,20.9200,1.0000,104.6000,209.2000,313.8000
10470,10.4700,20.9400,1.0000,104.7000,209.4000,314.1000
10480,10.4800,20.9600,1.0000,104.8000,209.6000,314.4000
10490,10.4900,20.9800,1.0000,104.9000,209.8000,314.7000
10500,10.5000,21.0000,1.0000,105.0000,210.0000,315.0000
10510,10.5100,21.0200,1.0000,105.1000,210.2000,315.3000
10520,10.5200,21.0400,1.0000,105.2000,210.4000,315.6000
10530,10.5300,21.0600,1.0000,105.3000,210.6000,315.9000
10540,10.5400,21.0800,1.0000,105.4000,210.8000,316.2000
10550,10.5500,21.1000,1.0000,105.5000,211.0000,316.5000
10560,10.5600,21.1200,1.0000,105.6000,211.2000,316.8000
10570,10.5700,21.1400,1.0000,105.7000,211.4000,317.1000
10580,10.5800,21.1600,1.0000,105.8000,211.6000,317.4000
10590,10.5900,21.1800,1.0000,105.9000,211.8000,317.7000
10600,10.6000,21.2000,1.0000,106.0000,212.0000,318.0000
10610,10.6100,21.2200,1.0000,106.1000,212.2000,318.3000
10620,10.6200,21.2400,1.0000,106.2000,212.4000,318.6000
10630,10.6300,21.2600,1.0000,106.3000,212.6000,318.9000
10640,10.6400,21.2800,1.0000,106.4000,212.8000,319.2000
10650,10.6500,21.3000,1.0000,106.5000,213.0000,319.5000
10660,10.6600,21.3200,1.0000,106.6000,213.2000,319.8000
10670,10.6700,21.3400,1.0000,106.7000,213.4000,320.1000
10680,10.6800,21.3600,1.0000,106.8000,213.6000,320.4000
10690,10.6900,21.3800,1.0000,106.9000,213.8000,320.7000
10700,10.7000,21.4000,1.0000,107.0000,214.0000,321.0000
10710,10.7100,21.4200,1.0000,107.1000,214.2000,321.3000
10720,10.7200,21.4400,1.0000,107.2000,214.4000,321.6000
10730,10.7300,21.4600,1.0000,107.3000,214.6000,321.9000
10740,10.7400,21.4800,1.0000,107.4000,214.8000,322.2000
10750,10.7500,21.5000,1.0000,107.5000,215.0000,322.5000
10760,10.7600,21.5200,1.0000,107.6000,215.2000,322.8000
10770,10.7700,21.5400,1.0000,107.7000,215.4000,323.1000
10780,10.7800,21.5600,1.0000,107.8000,215.6000,323.4000
10790,10.7900,21.5800,1.0000,107.9000,215.8000,323.7000
10800,10.8000,21.6000,1.0000,108.0000,216.0000,324.0000
10810,10.8100,21.6200,1.0000,108.1000,216.2000,324.3000
10820,10.8200,21.6400,1.0000,108.2000,216.4000,324.6000
10830,10.8300,21.6600,1.0000,108.3000,216.6000,324.9000
10840,10.8400,21.6800,1.0000,108.4000,216.8000,325.2000
10850,10.8500,21.7000,1.0000,108.5000,217.0000,325.5000
10860,10.8600,21.7200,1.0000,108.6000,217.2000,325.8000
10870,10.8700,21.7400,1.0000,108.7000,217.4000,326.1000
10880,10.8800,21.7600,1.0000,108.8000,217.6000,326.4000
10890,10.8900,21.7800,1.0000,108.9000,217.8000,326.7000
10900,10.9000,21.8000,1.0000,109.0000,218.0000,327.0000
10910,10.9100,21.8200,1.0000,109.1000,218.2000,327.3000
10920,10.9200,21.8400,1.0000,109.2000,218.4000,327.6000
10930,10.9300,21.8600,1.0000,109.3000,218.6000,327.9000
10940,10.9400,21.8800,1.0000,109.4000,218.8000,328.2000
10950,10.9500,21.9000,1.0000,109.5000,219.0000,328.5000
10960,10.9600,21.9200,1.0000,109.6000,219.2000,328.8000
10970,10.9700,21.9400,1.0000,109.7000,219.4000,329.1000
10980,10.9800,21.9600,1.0000,109.8000,219.6000,329.4000
10990,10.9900,21.9800,1.0000,109.9000,219.8000,329.7000
11000,11.0000,22.0000,1.0000,110.0000,220.0000,330.0000
11010,11.0100,22.0200,1.0000,110.1000,220.2000,330.3000
11020,11.0200,22.0400,1.0000,110.2000,220.4000,330.6000
11030,11.0300,22.0600,1.0000,110.3000,220.6000,330.9000
11040,11.0400,22.0800,1.0000,110.4000,220.8000,331.2000
11050,11.0500,22.1000,1.0000,110.5000,221.0000,331.5000
11060,11.0600,22.1200,1.0000,110.6000,221.2000,331.8000
11070,11.0700,22.1400,1.0000,110.7000,221.4000,332.1000
11080,11.0800,22.1600,1.0000,110.8000,221.6000,332.4000
11090,11.0900,22.1800,1.0000,110.9000,221.8000,332.7000
11100,11.1000,22.2000,1.0000,111.0000,222.0000,333.0000
11110,11.1100,22.2200,1.0000,111.1000,222.2000,333.3000
11120,11.1200,22.2400,1.0000,111.2000,222.4000,333.6000
11130,11.1300,22.2600,1.0000,111.3000,222.6000,333.9000
11140,11.1400,22.2800,1.0000,111.4000,222.8000,334.2000
11150,11.1500,22.3000,1.0000,111.5000,223.0000,334.5000
11160,11.1600,22.3200,1.0000,111.6000,223.2000,334.8000
11170,11.1700,22.3400,1.0000,111.7000,223.4000,335.1000
11180,11.1800,22.3600,1.0000,111.8000,223.6000,335.4000
11190,11.1900,22.3800,1.0000,111.9000,223.8000,335.7000
11200,11.2000,22.4000,1.0000,112.0000,224.0000,336.0000
11210,11.2100,22.4200,1.0000,112.1000,224.2000,336.3000
11220,11.2200,22.4400,1.0000,112.2000,224.4000,336.6000
11230,11.2300,22.4600,1.0000,112.3000,224.6000,336.9000
11240,11.2400,22.4800,1.0000,112.4000,224.8000,337.2000
11250,11.2500,22.5000,1.0000,112.5000,225.0000,337.5000
11260,11.2600,22.5200,1.0000,112.6000,225.2000,337.8000
11270,11.2700,22.5400,1.0000,112.7000,225.4000,338.1000
11280,11.2800,22.5600,1.0000,112.8000,225.6000,338.4000
11290,11.2900,22.5800,1.0000,112.9000,225.8000,338.7000
11300,11.3000,22.6000,1.0000,113.0000,226.0000,339.0000
11310,11.3100,22.6200,1.0000,113.1000,226.2000,339.3000
11320,11.3200,22.6400,1.0000,113.2000,226.4000,339.6000
11330,11.3300,22.6600,1.0000,113.3000,226.6000,339.9000
11340,11.3400,22.6800,1.0000,113.4000,226.8000,340.2000
11350,11.3500,22.7000,1.0000,113.5000,227.0000,340.5000
11360,11.3600,22.7200,1.0000,113.6000,227.2000,340.8000
11370,11.3700,22.7400,1.0000,113.7000,227.4000,341.1000
11380,11.3800,22.7600,1.0000,113.8000,227.6000,341.4000
11390,11.3900,22.7800,1.0000,113.9000,227.8000,341.7000
11400,11.4000,22.8000,1.0000,114.0000,228.0000,342.0000
11410,11.4100,22.8200,1.0000,114.1000,228.2000,342.3000
11420,11.4200,22.8400,1.0000,114.2000,228.4000,342.6000
11430,11.4300,22.8600,1.0000,114.3000,228.6000,342.9000
11440,11.4400,22.8800,1.0000,114.4000,228.8000,343.2000
11450,11.4500,22.9000,1.0000,114.5000,229.0000,343.5000
11460,11.4600,22.9200,1.0000,114.6000,229.2000,343.8000
11470,11.4700,22.9400,1.0000,114.7000,229.4000,344.1000
11480,11.4800,22.9600,1.0000,114.8000,229.6000,344.4000
11490,11.4900,22.9800,1.0000,114.9000,229.8000,344.7000
11500,11.5000,23.0000,1.0000,115.0000,230.0000,345.0000
11510,11.5100,23.0200,1.0000,115.1000,230.2000,345.3000
11520,11.5200,23.0400,1.0000,115.2000,230.4000,345.6000
11530,11.5300,23.0600,1.0000,115.3000,230.6000,345.9000
11540,11.5400,23.0800,1.0000,115.4000,230.8000,346.2000
11550,11.5500,23.1000,1.0000,115.5000,231.0000,346.5000
11560,11.5600,23.1200,1.0000,115.6000,231.2000,346.8000
11570,11.5700,23.1400,1.0000,115.7000,231.4000,347.1000
11580,11.5800,23.1600,1.0000,115.8000,231.6000,347.4000
11590,11.5900,23.1800,1.0000,115.9000,231.8000,347.7000
11600,11.6000,23.2000,1.0000,116.0000,232.0000,348.0000
11610,11.6100,23.2200,1.0000,116.1000,232.2000,348.3000
11620,11.6200,23.2400,1.0000,116.2000,232.4000,348.6000
11630,11.6300,23.2600,1.0000,116.3000,232.6000,348.9000
11640,11.6400,23.2800,1.0000,116.4000,232.8000,349.2000
11650,11.6500,23.3000,1.0000,116.5000,233.0000,349.5000
11660,11.6600,23.3200,1.0000,116.6000,233.2000,349.8000
11670,11.6700,23.3400,1.0000,116.7000,233.4000,350.1000
11680,11.6800,23.3600,1.0000,116.8000,233.6000,350.4000
11690,11.6900,23.3800,1.0000,116.9000,233.8000,350.7000
11700,11.7000,23.4000,1.0000,117.0000,234.0000,351.0000
11710,11.7100,23.4200,1.0000,117.1000,234.2000,351.3000
11720,11.7200,23.4400,1.0000,117.2000,234.4000,351.6000
11730,11.7300,23.4600,1.0000,117.3000,234.6000,351.9000
11740,11.7400,23.4800,1.0000,117.4000,234.8000,352.2000
11750,11.7500,23.5000,1.0000,117.5000,235.0000,352.5000
11760,11.7600,23.5200,1.0000,117.6000,235.2000,352.8000
11770,11.7700,23.5400,1.0000,117.7000,235.4000,353.1000
11780,11.7800,23.5600,1.0000,117.8000,235.6000,353.4000
11790,11.7900,23.5800,1.0000,117.9000,235.8000,353.7000
11800,11.8000,23.6000,1.0000,118.0000,236.0000,354.0000
11810,11.8100,23.6200,1.0000,118.1000,236.2000,354.3000
11820,11.8200,23.6400,1.0000,118.2000,236.4000,354.6000
11830,11.8300,23.6600,1.0000,118.3000,236.6000,354.9000
11840,11.8400,23.6800,1.0000,118.4000,236.8000,355.2000
11850,11.8500,23.7000,1.0000,118.5000,237.0000,355.5000
11860,11.8600,23.7200,1.0000,118.6000,237.2000,355.8000
11870,11.8700,23.7400,1.0000,118.7000,237.4000,356.1000
11880,11.8800,23.7600,1.0000,118.8000,237.6000,356.4000
11890,11.8900,23.7800,1.0000,118.9000,237.8000,356.7000
11900,11.9000,23.8000,1.0000,119.0000,238.0000,357.0000
11910,11.9100,23.8200,1.0000,119.1000,238.2000,357.3000
11920,11.9200,23.8400,1.0000,119.2000,238.4000,357.6000
11930,11.9300,23.8600,1.0000,119.3000,238.6000,357.9000
11940,11.9400,23.8800,1.0000,119.4000,238.8000,358.2000
11950,11.9500,23.9000,1.0000,119.5000,239.0000,358.5000
11960,11.9600,23.9200,1.0000,119.6000,239.2000,358.8000
11970,11.9700,23.9400,1.0000,119.7000,239.4000,359.1000
11980,11.9800,23.9600,1.0000,119.8000,239.6000,359.4000
11990,11.9900,23.9800,1.0000,119.9000,239.8000,359.7000
12000,12.0000,24.0000,1.0000,120.0000,240.0000,360.0000
12010,12.0100,24.0200,1.0000,120.1000,240.2000,360.3000
12020,12.0200,24.0400,1.0000,120.2000,240.4000,360.6000
12030,12.0300,24.0600,1.0000,120.3000,240.6000,360.9000
12040,12.0400,24.0800,1.0000,120.4000,240.8000,361.2000
12050,12.0500,24.1000,1.0000,120.5000,241.0000,361.5000
12060,12.0600,24.1200,1.0000,120.6000,241.2000,361.8000
12070,12.0700,24.1400,1.0000,120.7000,241.4000,362.1000
12080,12.0800,24.1600,1.0000,120.8000,241.6000,362.4000
12090,12.0900,24.1800,1.0000,120.9000,241.8000,362.7000
12100,12.1000,24.2000,1.0000,121.0000,242.0000,363.0000
12110,12.1100,24.2200,1.0000,121.1000,242.2000,363.3000
12120,12.1200,24.2400,1.0000,121.2000,242.4000,363.6000
12130,12.1300,24.2600,1.0000,121.3000,242.6000,363.9000
12140,12.1400,24.2800,1.0000,121.4000,242.8000,364.2000
12150,12.1500,24.3000,1.0000,121.5000,243.0000,364.5000
12160,12.1600,24.3200,1.0000,121.6000,243.2000,364.8000
12170,12.1700,24.3400,1.0000,121.7000,243.4000,365.1000
12180,12.1800,24.3600,1.0000,121.8000,243.6000,365.4000
12190,12.1900,24.3800,1.0000,121.9000,243.8000,365.7000
12200,12.2000,24.4000,1.0000,122.0000,244.0000,366.0000
12210,12.2100,24.4200,1.0000,122.1000,244.2000,366.3000
12220,12.2200,24.4400,1.0000,122.2000,244.4000,366.6000
12230,12.2300,24.4600,1.0000,122.3000,244.6000,366.9000
12240,12.2400,24.4800,1.0000,122.4000,244.8000,367.2000
12250,12.2500,24.5000,1.0000,122.5000,245.0000,367.5000
12260,12.2600,24.5200,1.0000,122.6000,245.2000,367.8000
12270,12.2700,24.5400,1.0000,122.7000,245.4000,368.1000
12280,12.2800,24.5600,1.0000,122.8000,245.6000,368.4000
12290,12.2900,24.5800,1.0000,122.9000,245.8000,368.7000
12300,12.3000,24.6000,1.0000,123.0000,246.0000,369.0000
12310,12.3100,24.6200,1.0000,123.1000,246.2000,369.3000
12320,12.3200,24.6400,1.0000,123.2000,246.4000,369.6000
12330,12.3300,24.6600,1.0000,123.3000,246.6000,369.9000
12340,12.3400,24.6800,1.0000,123.4000,246.8000,370.2000
12350,12.3500,24.7000,1.0000,123.5000,247.0000,370.5000
12360,12.3600,24.7200,1.0000,123.6000,247.2000,370.8000
12370,12.3700,24.7400,1.0000,123.7000,247.4000,371.1000
12380,12.3800,24.7600,1.0000,123.8000,247.6000,371.4000
12390,12.3900,24.7800,1.0000,123.9000,247.8000,371.7000
12400,12.4000,24.8000,1.0000,124.0000,248.0000,372.0000
12410,12.4100,24.8200,1.0000,124.1000,248.2000,372.3000
12420,12.4200,24.8400,1.0000,124.2000,248.4000,372.6000
12430,12.4300,24.8600,1.0000,124.3000,248.6000,372.9000
12440,12.4400,24.8800,1.0000,124.4000,248.8000,373.2000
12450,12.4500,24.9000,1.0000,124.5000,249.0000,373.5000
12460,12.4600,24.9200,1.0000,124.6000,249.2000,373.8000
12470,12.4700,24.9400,1.0000,124.7000,249.4000,374.1000
12480,12.4800,24.9600,1.0000,124.8000,249.6000,374.4000
12490,12.4900,24.9800,1.0000,124.9000,249.8000,374.7000
12500,12.5000,25.0000,1.0000,125.0000,250.0000,375.0000
12510,12.5100,25.0200,1.0000,125.1000,250.2000,375.3000
12520,12.5200,25.0400,1.0000,125.2000,250.4000,375.6000
12530,12.5300,25.0600,1.0000,125.3000,250.6000,375.9000
12540,12.5400,25.0800,1.0000,125.4000,250.8000,376.2000
12550,12.5500,25.1000,1.0000,125.5000,251.0000,376.5000
12560,12.5600,25.1200,1.0000,125.6000,251.2000,376.8000
12570,12.5700,25.1400,1.0000,125.7000,251.4000,377.1000
12580,12.5800,25.1600,1.0000,125.8000,251.6000,377.4000
12590,12.5900,25.1800,1.0000,125.9000,251.8000,377.7000
12600,12.6000,25.2000,1.0000,126.0000,252.0000,378.0000
12610,12.6100,25.2200,1.0000,126.1000,252.2000,378.3000
12620,12.6200,25.2400,1.0000,126.2000,252.4000,378.6000
12630,12.6300,25.2600,1.0000,126.3000,252.6000,378.9000
12640,12.6400,25.2800,1.0000,126.4000,252.8000,379.2000
12650,12.6500,25.3000,1.0000,126.5000,253.0000,379.5000
12660,12.6600,25.3200,1.0000,126.6000,253.2000,379.8000
12670,12.6700,25.3400,1.0000,126.7000,253.4000,380.1000
12680,12.6800,25.3600,1.0000,126.8000,253.6000,380.4000
12690,12.6900,25.3800,1.0000,126.9000,253.8000,380.7000
12700,12.7000,25.4000,1.0000,127.0000,254.0000,381.0000
12710,12.7100,25.4200,1.0000,127.1000,254.2000,381.3000
12720,12.7200,25.4400,1.0000,127.2000,254.4000,381.6000
12730,12.7300,25.4600,1.0000,127.3000,254.6000,381.9000
12740,12.7400,25.4800,1.0000,127.4000,254.8000,382.2000
12750,12.7500,25.5000,1.0000,127.5000,255.0000,382.5000
12760,12.7600,25.5200,1.0000,127.6000,255.2000,382.8000
12770,12.7700,25.5400,1.0000,127.7000,255.4000,383.1000
12780,12.7800,25.5600,1.0000,127.8000,255.6000,383.4000
12790,12.7900,25.5800,1.0000,127.9000,255.8000,383.7000
12800,12.8000,25.6000,1.0000,128.0000,256.0000,384.0000
12810,12.8100,25.6200,1.0000,128.1000,256.2000,384.3000
12820,12.8200,25.6400,1.0000,128.2000,256.4000,384.6000
12830,12.8300,25.6600,1.0000,128.3000,256.6000,384.9000
12840,12.8400,25.6800,1.0000,128.4000,256.8000,385.2000
12850,12.8500,25.7000,1.0000,128.5000,257.0000,385.5000
12860,12.8600,25.7200,1.0000,128.6000,257.2000,385.8000
12870,12.8700,25.7400,1.0000,128.7000,257.4000,386.1000
12880,12.8800,25.7600,1.0000,128.8000,257.6000,386.4000
12890,12.8900,25.7800,1.0000,128.9000,257.8000,386.7000
12900,12.9000,25.8000,1.0000,129.0000,258.0000,387.0000
12910,12.9100,25.8200,1.0000,129.1000,258.2000,387.3000
12920,12.9200,25.8400,1.0000,129.2000,258.4000,387.6000
12930,12.9300,25.8600,1.0000,129.3000,258.6000,387.9000
12940,12.9400,25.8800,1.0000,129.4000,258.8000,388.2000
12950,12.9500,25.9000,1.0000,129.5000,259.0000,388.5000
12960,12.9600,25.9200,1.0000,129.6000,259.2000,388.8000
12970,12.9700,25.9400,1.0000,129.7000,259.4000,389.1000
12980,12.9800,25.9600,1.0000,129.8000,259.6000,389.4000
12990,12.9900,25.9800,1.0000,129.9000,259.8000,389.7000
13000,13.0000,26.0000,1.0000,130.0000,260.0000,390.0000
13010,13.0100,26.0200,1.0000,130.1000,260.2000,390.3000
13020,13.0200,26.0400,1.0000,130.2000,260.4000,390.6000
13030,13.0300,26.0600,1.0000,130.3000,260.6000,390.9000
13040,13.0400,26.0800,1.0000,130.4000,260.8000,391.2000
13050,13.0500,26.1000,1.0000,130.5000,261.0000,391.5000
13060,13.0600,26.1200,1.0000,130.6000,261.2000,391.8000
13070,13.0700,26.1400,1.0000,130.7000,261.4000,392.1000
13080,13.0800,26.1600,1.0000,130.8000,261.6000,392.4000
13090,13.0900,26.1800,1.0000,130.9000,261.8000,392.7000
13100,13.1000,26.2000,1.0000,131.0000,262.0000,393.0000
13110,13.1100,26.2200,1.0000,131.1000,262.2000,393.3000
13120,13.1200,26.2400,1.0000,131.2000,262.4000,393.6000
13130,13.1300,26.2600,1.0000,131.3000,262.6000,393.9000
13140,13.1400,26.2800,1.0000,131.4000,262.8000,394.2000
13150,13.1500,26.3000,1.0000,131.5000,263.0000,394.5000
13160,13.1600,26.3200,1.0000,131.6000,263.2000,394.8000
13170,13.1700,26.3400,1.0000,131.7000,263.4000,395.1000
13180,13.1800,26.3600,1.0000,131.8000,263.6000,395.4000
13190,13.1900,26.3800,1.0000,131.9000,263.8000,395.7000
13200,13.2000,26.4000,1.0000,132.0000,264.0000,396.0000
13210,13.2100,26.4200,1.0000,132.1000,264.2000,396.3000
13220,13.2200,26.4400,1.0000,132.2000,264.4000,396.6000
13230,13.2300,26.4600,1.0000,132.3000,264.6000,396.9000
13240,13.2400,26.4800,1.0000,132.4000,264.8000,397.2000
13250,13.2500,26.5000,1.0000,132.5000,265.0000,397.5000
13260,13.2600,26.5200,1.0000,132.6000,265.2000,397.8000
13270,13.2700,26.5400,1.0000,132.7000,265.4000,398.1000
13280,13.2800,26.5600,1.0000,132.8000,265.6000,398.4000
13290,13.2900,26.5800,1.0000,132.9000,265.8000,398.7000
13300,13.3000,26.6000,1.0000,133.0000,266.0000,399.0000
13310,13.3100,26.6200,1.0000,133.1000,266.2000,399.3000
13320,13.3200,26.6400,1.0000,133.2000,266.4000,399.6000
13330,13.3300,26.6600,1.0000,133.3000,266.6000,399.9000
13340,13.3400,26.6800,1.0000,133.4000,266.8000,400.2000
13350,13.3500,26.7000,1.0000,133.5000,267.0000,400.5000
13360,13.3600,26.7200,1.0000,133.6000,267.2000,400.8000
13370,13.3700,26.7400,1.0000,133.7000,267.4000,401.1000
13380,13.3800,26.7600,1.0000,133.8000,267.6000,401.4000
13390,13.3900,26.7800,1.0000,133.9000,267.8000,401.7000
13400,13.4000,26.8000,1.0000,134.0000,268.0000,402.0000
13410,13.4100,26.8200,1.0000,134.1000,268.2000,402.3000
13420,13.4200,26.8400,1.0000,134.2000,268.4000,402.6000
13430,13.4300,26.8600,1.0000,134.3000,268.6000,402.9000
13440,13.4400,26.8800,1.0000,134.4000,268.8000,403.2000
13450,13.4500,26.9000,1.0000,134.5000,269.0000,403.5000
13460,13.4600,26.9200,1.0000,134.6000,269.2000,403.8000
13470,13.4700,26.9400,1.0000,134.7000,269.4000,404.1000
13480,13.4800,26.9600,1.0000,134.8000,269.6000,404.4000
13490,13.4900,26.9800,1.0000,134.9000,269.8000,404.7000
13500,13.5000,27.0000,1.0000,135.0000,270.0000,405.0000
13510,13.5100,27.0200,1.0000,135.1000,270.2000,405.3000
13520,13.5200,27.0400,1.0000,135.2000,270.4000,405.6000
13530,13.5300,27.0600,1.0000,135.3000,270.6000,405.9000
13540,13.5400,27.0800,1.0000,135.4000,270.8000,406.2000
13550,13.5500,27.1000,1.0000,135.5000,271.0000,406.5000
13560,13.5600,27.1200,1.0000,135.6000,271.2000,406.8000
13570,13.5700,27.1400,1.0000,135.7000,271.4000,407.1000
13580,13.5800,27.1600,1.0000,135.8000,271.6000,407.4000
13590,13.5900,27.1800,1.0000,135.9000,271.8000,407.7000
13600,13.6000,27.2000,1.0000,136.0000,272.0000,408.0000
13610,13.6100,27.2200,1.0000,136.1000,272.2000,408.3000
13620,13.6200,27.2400,1.0000,136.2000,272.4000,408.6000
13630,13.6300,27.2600,1.0000,136.3000,272.6000,408.9000
13640,13.6400,27.2800,1.0000,136.4000,272.8000,409.2000
13650,13.6500,27.3000,1.0000,136.5000,273.0000,409.5000
13660,13.6600,27.3200,1.0000,136.6000,273.2000,409.8000
13670,13.6700,27.3400,1.0000,136.7000,273.4000,410.1000
13680,13.6800,27.3600,1.0000,136.8000,273.6000,410.4000
13690,13.6900,27.3800,1.0000,136.9000,273.8000,410.7000
13700,13.7000,27.4000,1.0000,137.0000,274.0000,411.0000
13710,13.7100,27.4200,1.0000,137.1000,274.2000,411.3000
13720,13.7200,27.4400,1.0000,137.2000,274.4000,411.6000
13730,13.7300,27.4600,1.0000,137.3000,274.6000,411.9000
13740,13.7400,27.4800,1.0000,137.4000,274.8000,412.2000
13750,13.7500,27.5000,1.0000,137.5000,275.0000,412.5000
13760,13.7600,27.5200,1.0000,137.6000,275.2000,412.8000
13770,13.7700,27.5400,1.0000,137.7000,275.4000,413.1000
13780,13.7800,27.5600,1.0000,137.8000,275.6000,413.4000
13790,13.7900,27.5800,1.0000,137.9000,275.8000,413.7000
13800,13.8000,27.6000,1.0000,138.0000,276.0000,414.0000
13810,13.8100,27.6200,1.0000,138.1000,276.2000,414.3000
13820,13.8200,27.6400,1.0000,138.2000,276.4000,414.6000
13830,13.8300,27.6600,1.0000,138.3000,276.6000,414.9000
13840,13.8400,27.6800,1.0000,138.4000,276.8000,415.2000
13850,13.8500,27.7000,1.0000,138.5000,277.0000,415.5000
13860,13.8600,27.7200,1.0000,138.6000,277.2000,415.8000
13870,13.8700,27.7400,1.0000,138.7000,277.4000,416.1000
13880,13.8800,27.7600,1.0000,138.8000,277.6000,416.4000
13890,13.8900,27.7800,1.0000,138.9000,277.8000,416.7000
13900,13.9000,27.8000,1.0000,139.0000,278.0000,417.0000
13910,13.9100,27.8200,1.0000,139.1000,278.2000,417.3000
13920,13.9200,27.8400,1.0000,139.2000,278.4000,417.6000
13930,13.9300,27.8600,1.0000,139.3000,278.6000,417.9000
13940,13.9400,27.8800,1.0000,139.4000,278.8000,418.2000
13950,13.9500,27.9000,1.0000,139.5000,279.0000,418.5000
13960,13.9600,27.9200,1.0000,139.6000,279.2000,418.8000
13970,13.9700,27.9400,1.0000,139.7000,279.4000,419.1000
13980,13.9800,27.9600,1.0000,139.8000,279.6000,419.4000
13990,13.9900,27.9800,1.0000,139.9000,279.8000,419.7000
14000,14.0000,28.0000,1.0000,140.0000,280.0000,420.0000
14010,14.0100,28.0200,1.0000,140.1000,280.2000,420.3000
14020,14.0200,28.0400,1.0000,140.2000,280.4000,420.6000
14030,14.0300,28.0600,1.0000,140.3000,280.6000,420.9000
14040,14.0400,28.0800,1.0000,140.4000,280.8000,421.2000
14050,14.0500,28.1000,1.0000,140.5000,281.0000,421.5000
14060,14.0600,28.1200,1.0000,140.6000,281.2000,421.8000
14070,14.0700,28.1400,1.0000,140.7000,281.4000,422.1000
14080,14.0800,28.1600,1.0000,140.8000,281.6000,422.4000
14090,14.0900,28.1800,1.0000,140.9000,281.8000,422.7000
14100,14.1000,28.2000,1.0000,141.0000,282.0000,423.0000
14110,14.1100,28.2200,1.0000,141.1000,282.2000,423.3000
14120,14.1200,28.2400,1.0000,141.2000,282.4000,423.6000
14130,14.1300,28.2600,1.0000,141.3000,282.6000,423.9000
14140,14.1400,28.2800,1.0000,141.4000,282.8000,424.2000
14150,14.1500,28.3000,1.0000,141.5000,283.0000,424.5000
14160,14.1600,28.3200,1.0000,141.6000,283.2000,424.8000
14170,14.1700,28.3400,1.0000,141.7000,283.4000,425.1000
14180,14.1800,28.3600,1.0000,141.8000,283.6000,425.4000
14190,14.1900,28.3800,1.0000,141.9000,283.8000,425.7000
14200,14.2000,28.4000,1.0000,142.0000,284.0000,426.0000
14210,14.2100,28.4200,1.0000,142.1000,284.2000,426.3000
14220,14.2200,28.4400,1.0000,142.2000,284.4000,426.6000
14230,14.2300,28.4600,1.0000,142.3000,284.6000,426.9000
14240,14.2400,28.4800,1.0000,142.4000,284.8000,427.2000
14250,14.2500,28.5000,1.0000,142.5000,285.0000,427.5000
14260,14.2600,28.5200,1.0000,142.6000,285.2000,427.8000
14270,14.2700,28.5400,1.0000,142.7000,285.4000,428.1000
14280,14.2800,28.5600,1.0000,142.8000,285.6000,428.4000
14290,14.2900,28.5800,1.0000,142.9000,285.8000,428.7000
14300,14.3000,28.6000,1.0000,143.0000,286.0000,429.0000
14310,14.3100,28.6200,1.0000,143.1000,286.2000,429.3000
14320,14.3200,28.6400,1.0000,143.2000,286.4000,429.6000
14330,14.3300,28.6600,1.0000,143.3000,286.6000,429.9000
14340,14.3400,28.6800,1.0000,143.4000,286.8000,430.2000
14350,14.3500,28.7000,1.0000,143.5000,287.0000,430.5000
14360,14.3600,28.7200,1.0000,143.6000,287.2000,430.8000
14370,14.3700,28.7400,1.0000,143.7000,287.4000,431.1000
14380,14.3800,28.7600,1.0000,143.8000,287.6000,431.4000
14390,14.3900,28.7800,1.0000,143.9000,287.8000,431.7000
14400,14.4000,28.8000,1.0000,144.0000,288.0000,432.0000
14410,14.4100,28.8200,1.0000,144.1000,288.2000,432.3000
14420,14.4200,28.8400,1.0000,144.2000,288.4000,432.6000
14430,14.4300,28.8600,1.0000,144.3000,288.6000,432.9000
14440,14.4400,28.8800,1.0000,144.4000,288.8000,433.2000
14450,14.4500,28.9000,1.0000,144.5000,289.0000,433.5000
14460,14.4600,28.9200,1.0000,144.6000,289.2000,433.8000
14470,14.4700,28.9400,1.0000,144.7000,289.4000,434.1000
14480,14.4800,28.9600,1.0000,144.8000,289.6000,434.4000
14490,14.4900,28.9800,1.0000,144.9000,289.8000,434.7000
14500,14.5000,29.0000,1.0000,145.0000,290.0000,435.0000
14510,14.5100,29.0200,1.0000,145.1000,290.2000,435.3000
14520,14.5200,29.0400,1.0000,145.2000,290.4000,435.6000
14530,14.5300,29.0600,1.0000,145.3000,290.6000,435.9000
14540,14.5400,29.0800,1.0000,145.4000,290.8000,436.2000
14550,14.5500,29.1000,1.0000,145.5000,291.0000,436.5000
14560,14.5600,29.1200,1.0000,145.6000,291.2000,436.8000
14570,14.5700,29.1400,1.0000,145.7000,291.4000,437.1000
14580,14.5800,29.1600,1.0000,145.8000,291.6000,437.4000
14590,14.5900,29.1800,1.0000,145.9000,291.8000,437.7000
14600,14.6000,29.2000,1.0000,146.0000,292.0000,438.0000
14610,14.6100,29.2200,1.0000,146.1000,292.2000,438.3000
14620,14.6200,29.2400,1.0000,146.2000,292.4000,438.6000
14630,14.6300,29.2600,1.0000,146.3000,292.6000,438.9000
14640,14.6400,29.2800,1.0000,146.4000,292.8000,439.2000
14650,14.6500,29.3000,1.0000,146.5000,293.0000,439.5000
14660,14.6600,29.3200,1.0000,146.6000,293.2000,439.8000
14670,14.6700,29.3400,1.0000,146.7000,293.4000,440.1000
14680,14.6800,29.3600,1.0000,146.8000,293.6000,440.4000
14690,14.6900,29.3800,1.0000,146.9000,293.8000,440.7000
14700,14.7000,29.4000,1.0000,147.0000,294.0000,441.0000
14710,14.7100,29.4200,1.0000,147.1000,294.2000,441.3000
14720,14.7200,29.4400,1.0000,147.2000,294.4000,441.6000
14730,14.7300,29.4600,1.0000,147.3000,294.6000,441.9000
14740,14.7400,29.4800,1.0000,147.4000,294.8000,442.2000
14750,14.7500,29.5000,1.0000,147.5000,295.0000,442.5000
14760,14.7600,29.5200,1.0000,147.6000,295.2000,442.8000
14770,14.7700,29.5400,1.0000,147.7000,295.4000,443.1000
14780,14.7800,29.5600,1.0000,147.8000,295.6000,443.4000
14790,14.7900,29.5800,1.0000,147.9000,295.8000,443.7000
14800,14.8000,29.6000,1.0000,148.0000,296.0000,444.0000
14810,14.8100,29.6200,1.0000,148.1000,296.2000,444.3000
14820,14.8200,29.6400,1.0000,148.2000,296.4000,444.6000
14830,14.8300,29.6600,1.0000,148.3000,296.6000,444.9000
14840,14.8400,29.6800,1.0000,148.4000,296.8000,445.2000
14850,14.8500,29.7000,1.0000,148.5000,297.0000,445.5000
14860,14.8600,29.7200,1.0000,148.6000,297.2000,445.8000
14870,14.8700,29.7400,1.0000,148.7000,297.4000,446.1000
14880,14.8800,29.7600,1.0000,148.8000,297.6000,446.4000
14890,14.8900,29.7800,1.0000,148.9000,297.8000,446.7000
14900,14.9000,29.8000,1.0000,149.0000,298.0000,447.0000
14910,14.9100,29.8200,1.0000,149.1000,298.2000,447.3000
14920,14.9200,29.8400,1.0000,149.2000,298.4000,447.6000
14930,14.9300,29.8600,1.0000,149.3000,298.6000,447.9000
14940,14.9400,29.8800,1.0000,149.4000,298.8000,448.2000
14950,14.9500,29.9000,1.0000,149.5000,299.0000,448.5000
14960,14.9600,29.9200,1.0000,149.6000,299.2000,448.8000
14970,14.9700,29.9400,1.0000,149.7000,299.4000,449.1000
14980,14.9800,29.9600,1.0000,149.8000,299.6000,449.4000
14990,14.9900,29.9800,1.0000,149.9000,299.8000,449.7000
15000,15.0000,30.0000,1.0000,150.0000,300.0000,450.0000
15010,15.0100,30.0200,1.0000,150.1000,300.2000,450.3000
15020,15.0200,30.0400,1.0000,150.2000,300.4000,450.6000
15030,15.0300,30.0600,1.0000,150.3000,300.6000,450.9000
15040,15.0400,30.0800,1.0000,150.4000,300.8000,451.2000
15050,15.0500,30.1000,1.0000,150.5000,301.0000,451.5000
15060,15.0600,30.1200,1.0000,150.6000,301.2000,451.8000
15070,15.0700,30.1400,1.0000,150.7000,301.4000,452.1000
15080,15.0800,30.1600,1.0000,150.8000,301.6000,452.4000
15090,15.0900,30.1800,1.0000,150.9000,301.8000,452.7000
15100,15.1000,30.2000,1.0000,151.0000,302.0000,453.0000
15110,15.1100,30.2200,1.0000,151.1000,302.2000,453.3000
15120,15.1200,30.2400,1.0000,151.2000,302.4000,453.6000
15130,15.1300,30.2600,1.0000,151.3000,302.6000,453.9000
15140,15.1400,30.2800,1.0000,151.4000,302.8000,454.2000
15150,15.1500,30.3000,1.0000,151.5000,303.0000,454.5000
15160,15.1600,30.3200,1.0000,151.6000,303.2000,454.8000
15170,15.1700,30.3400,1.0000,151.7000,303.4000,455.1000
15180,15.1800,30.3600,1.0000,151.8000,303.6000,455.4000
15190,15.1900,30.3800,1.0000,151.9000,303.8000,455.7000
15200,15.2000,30.4000,1.0000,152.0000,304.0000,456.0000
15210,15.2100,30.4200,1.0000,152.1000,304.2000,456.3000
15220,15.2200,30.4400,1.0000,152.2000,304.4000,456.6000
15230,15.2300,30.4600,1.0000,152.3000,304.6000,456.9000
15240,15.2400,30.4800,1.0000,152.4000,304.8000,457.2000
15250,15.2500,30.5000,1.0000,152.5000,305.0000,457.5000
15260,15.2600,30.5200,1.0000,152.6000,305.2000,457.8000
15270,15.2700,30.5400,1.0000,152.7000,305.4000,458.1000
15280,15.2800,30.5600,1.0000,152.8000,305.6000,458.4000
15290,15.2900,30.5800,1.0000,152.9000,305.8000,458.7000
15300,15.3000,30.6000,1.0000,153.0000,306.0000,459.0000
15310,15.3100,30.6200,1.0000,153.1000,306.2000,459.3000
15320,15.3200,30.6400,1.0000,153.2000,306.4000,459.6000
15330,15.3300,30.6600,1.0000,153.3000,306.6000,459.9000
15340,15.3400,30.6800,1.0000,153.4000,306.8000,460.2000
15350,15.3500,30.7000,1.0000,153.5000,307.0000,460.5000
15360,15.3600,30.7200,1.0000,153.6000,307.2000,460.8000
15370,15.3700,30.7400,1.0000,153.7000,307.4000,461.1000
15380,15.3800,30.7600,1.0000,153.8000,307.6000,461.4000
15390,15.3900,30.7800,1.0000,153.9000,307.8000,461.7000
15400,15.4000,30.8000,1.0000,154.0000,308.0000,462.0000
15410,15.4100,30.8200,1.0000,154.1000,308.2000,462.3000
15420,15.4200,30.8400,1.0000,154.2000,308.4000,462.6000
15430,15.4300,30.8600,1.0000,154.3000,308.6000,462.9000
15440,15.4400,30.8800,1.0000,154.4000,308.8000,463.2000
15450,15.4500,30.9000,1.0000,154.5000,309.0000,463.5000
15460,15.4600,30.9200,1.0000,154.6000,309.2000,463.8000
15470,15.4700,30.9400,1.0000,154.7000,309.4000,464.1000
15480,15.4800,30.9600,1.0000,154.8000,309.6000,464.4000
15490,15.4900,30.9800,1.0000,154.9000,309.8000,464.7000
15500,15.5000,31.0000,1.0000,155.0000,310.0000,465.0000
15510,15.5100,31.0200,1.0000,155.1000,310.2000,465.3000
15520,15.5200,31.0400,1.0000,155.2000,310.4000,465.6000
15530,15.5300,31.0600,1.0000,155.3000,310.6000,465.9000
15540,15.5400,31.0800,1.0000,155.4000,310.8000,466.2000
15550,15.5500,31.1000,1.0000,155.5000,311.0000,466.5000
15560,15.5600,31.1200,1.0000,155.6000,311.2000,466.8000
15570,15.5700,31.1400,1.0000,155.7000,311.4000,467.1000
15580,15.5800,31.1600,1.0000,155.8000,311.6000,467.4000
15590,15.5900,31.1800,1.0000,155.9000,311.8000,467.7000
15600,15.6000,31.2000,1.0000,156.0000,312.0000,468.0000
15610,15.6100,31.2200,1.0000,156.1000,312.2000,468.3000
15620,15.6200,31.2400,1.0000,156.2000,312.4000,468.6000
15630,15.6300,31.2600,1.0000,156.3000,312.6000,468.9000
15640,15.6400,31.2800,1.0000,156.4000,312.8000,469.2000
15650,15.6500,31.3000,1.0000,156.5000,313.0000,469.5000
15660,15.6600,31.3200,1.0000,156.6000,313.2000,469.8000
15670,15.6700,31.3400,1.0000,156.7000,313.4000,470.1000
15680,15.6800,31.3600,1.0000,156.8000,313.6000,470.4000
15690,15.6900,31.3800,1.0000,156.9000,313.8000,470.7000
15700,15.7000,31.4000,1.0000,157.0000,314.0000,471.0000
15710,15.7100,31.4200,1.0000,157.1000,314.2000,471.3000
15720,15.7200,31.4400,1.0000,157.2000,314.4000,471.6000
15730,15.7300,31.4600,1.0000,157.3000,314.6000,471.9000
15740,15.7400,31.4800,1.0000,157.4000,314.8000,472.2000
15750,15.7500,31.5000,1.0000,157.5000,315.0000,472.5000
15760,15.7600,31.5200,1.0000,157.6000,315.2000,472.8000
15770,15.7700,31.5400,1.0000,157.7000,315.4000,473.1000
15780,15.7800,31.5600,1.0000,157.8000,315.6000,473.4000
15790,15.7900,31.5800,1.0000,157.9000,315.8000,473.7000
15800,15.8000,31.6000,1.0000,158.0000,316.0000,474.0000
15810,15.8100,31.6200,1.0000,158.1000,316.2000,474.3000
15820,15.8200,31.6400,1.0000,158.2000,316.4000,474.6000
15830,15.8300,31.6600,1.0000,158.3000,316.6000,474.9000
15840,15.8400,31.6800,1.0000,158.4000,316.8000,475.2000
15850,15.8500,31.7000,1.0000,158.5000,317.0000,475.5000
15860,15.8600,31.7200,1.0000,158.6000,317.2000,475.8000
15870,15.8700,31.7400,1.0000,158.7000,317.4000,476.1000
15880,15.8800,31.7600,1.0000,158.8000,317.6000,476.4000
15890,15.8900,31.7800,1.0000,158.9000,317.8000,476.7000
15900,15.9000,31.8000,1.0000,159.0000,318.0000,477.0000
15910,15.9100,31.8200,1.0000,159.1000,318.2000,477.3000
15920,15.9200,31.8400,1.0000,159.2000,318.4000,477.6000
15930,15.9300,31.8600,1.0000,159.3000,318.6000,477.9000
15940,15.9400,31.8800,1.0000,159.4000,318.8000,478.2000
15950,15.9500,31.9000,1.0000,159.5000,319.0000,478.5000
15960,15.9600,31.9200,1.0000,159.6000,319.2000,478.8000
15970,15.9700,31.9400,1.0000,159.7000,319.4000,479.1000
15980,15.9800,31.9600,1.0000,159.8000,319.6000,479.4000
15990,15.9900,31.9800,1.0000,159.9000,319.8000,479.7000
16000,16.0000,32.0000,1.0000,160.0000,320.0000,480.0000
16010,16.0100,32.0200,1.0000,160.1000,320.2000,480.3000
16020,16.0200,32.0400,1.0000,160.2000,320.4000,480.6000
16030,16.0300,32.0600,1.0000,160.3000,320.6000,480.9000
16040,16.0400,32.0800,1.0000,160.4000,320.8000,481.2000
16050,16.0500,32.1000,1.0000,160.5000,321.0000,481.5000
16060,16.0600,32.1200,1.0000,160.6000,321.2000,481.8000
16070,16.0700,32.1400,1.0000,160.7000,321.4000,482.1000
16080,16.0800,32.1600,1.0000,160.8000,321.6000,482.4000
16090,16.0900,32.1800,1.0000,160.9000,321.8000,482.7000
16100,16.1000,32.2000,1.0000,161.0000,322.0000,483.0000
16110,16.1100,32.2200,1.0000,161.1000,322.2000,483.3000
16120,16.1200,32.2400,1.0000,161.2000,322.4000,483.6000
16130,16.1300,32.2600,1.0000,161.3000,322.6000,483.9000
16140,16.1400,32.2800,1.0000,161.4000,322.8000,484.2000
16150,16.1500,32.3000,1.0000,161.5000,323.0000,484.5000
16160,16.1600,32.3200,1.0000,161.6000,323.2000,484.8000
16170,16.1700,32.3400,1.0000,161.7000,323.4000,485.1000
16180,16.1800,32.3600,1.0000,161.8000,323.6000,485.4000
16190,16.1900,32.3800,1.0000,161.9000,323.8000,485.7000
16200,16.2000,32.4000,1.0000,162.0000,324.0000,486.0000
16210,16.2100,32.4200,1.0000,162.1000,324.2000,486.3000
16220,16.2200,32.4400,1.0000,162.2000,324.4000,486.6000
16230,16.2300,32.4600,1.0000,162.3000,324.6000,486.9000
16240,16.2400,32.4800,1.0000,162.4000,324.8000,487.2000
16250,16.2500,32.5000,1.0000,162.5000,325.0000,487.5000
16260,16.2600,32.5200,1.0000,162.6000,325.2000,487.8000
16270,16.2700,32.5400,1.0000,162.7000,325.4000,488.1000
16280,16.2800,32.5600,1.0000,162.8000,325.6000,488.4000
16290,16.2900,32.5800,1.0000,162.9000,325.8000,488.7000
16300,16.3000,32.6000,1.0000,163.0000,326.0000,489.0000
16310,16.3100,32.6200,1.0000,163.1000,326.2000,489.3000
16320,16.3200,32.6400,1.0000,163.2000,326.4000,489.6000
16330,16.3300,32.6600,1.0000,163.3000,326.6000,489.9000
16340,16.3400,32.6800,1.0000,163.4000,326.8000,490.2000
16350,16.3500,32.7000,1.0000,163.5000,327.0000,490.5000
16360,16.3600,32.7200,1.0000,163.6000,327.2000,490.8000
16370,16.3700,32.7400,1.0000,163.7000,327.4000,491.1000
16380,16.3800,32.7600,1.0000,163.8000,327.6000,491.4000
16390,16.3900,32.7800,1.0000,163.9000,327.8000,491.7000
16400,16.4000,32.8000,1.0000,164.0000,328.0000,492.0000
16410,16.4100,32.8200,1.0000,164.1000,328.2000,492.3000
16420,16.4200,32.8400,1.0000,164.2000,328.4000,492.6000
16430,16.4300,32.8600,1.0000,164.3000,328.6000,492.9000
16440,16.4400,32.8800,1.0000,164.4000,328.8000,493.2000
16450,16.4500,32.9000,1.0000,164.5000,329.0000,493.5000
16460,16.4600,32.9200,1.0000,164.6000,329.2000,493.8000
16470,16.4700,32.9400,1.0000,164.7000,329.4000,494.1000
16480,16.4800,32.9600,1.0000,164.8000,329.6000,494.4000
16490,16.4900,32.9800,1.0000,164.9000,329.8000,494.7000
16500,16.5000,33.0000,1.0000,165.0000,330.0000,495.0000
16510,16.5100,33.0200,1.0000,165.1000,330.2000,495.3000
16520,16.5200,33.0400,1.0000,165.2000,330.4000,495.6000
16530,16.5300,33.0600,1.0000,165.3000,330.6000,495.9000
16540,16.5400,33.0800,1.0000,165.4000,330.8000,496.2000
16550,16.5500,33.1000,1.0000,165.5000,331.0000,496.5000
16560,16.5600,33.1200,1.0000,165.6000,331.2000,496.8000
16570,16.5700,33.1400,1.0000,165.7000,331.4000,497.1000
16580,16.5800,33.1600,1.0000,165.8000,331.6000,497.4000
16590,16.5900,33.1800,1.0000,165.9000,331.8000,497.7000
16600,16.6000,33.2000,1.0000,166.0000,332.0000,498.0000
16610,16.6100,33.2200,1.0000,166.1000,332.2000,498.3000
16620,16.6200,33.2400,1.0000,166.2000,332.4000,498.6000
16630,16.6300,33.2600,1.0000,166.3000,332.6000,498.9000
16640,16.6400,33.2800,1.0000,166.4000,332.8000,499.2000
16650,16.6500,33.3000,1.0000,166.5000,333.0000,499.5000
16660,16.6600,33.3200,1.0000,166.6000,333.2000,499.8000
16670,16.6700,33.3400,1.0000,166.7000,333.4000,500.1000
16680,16.6800,33.3600,1.0000,166.8000,333.6000,500.4000
16690,16.6900,33.3800,1.0000,166.9000,333.8000,500.7000
16700,16.7000,33.4000,1.0000,167.0000,334.0000,501.0000
16710,16.7100,33.4200,1.0000,167.1000,334.2000,501.3000
16720,16.7200,33.4400,1.0000,167.2000,334.4000,501.6000
16730,16.7300,33.4600,1.0000,167.3000,334.6000,501.9000
16740,16.7400,33.4800,1.0000,167.4000,334.8000,502.2000
16750,16.7500,33.5000,1.0000,167.5000,335.0000,502.5000
16760,16.7600,33.5200,1.0000,167.6000,335.2000,502.8000
16770,16.7700,33.5400,1.0000,167.7000,335.4000,503.1000
16780,16.7800,33.5600,1.0000,167.8000,335.6000,503.4000
16790,16.7900,33.5800,1.0000,167.9000,335.8000,503.7000
16800,16.8000,33.6000,1.0000,168.0000,336.0000,504.0000
16810,16.8100,33.6200,1.0000,168.1000,336.2000,504.3000
16820,16.8200,33.6400,1.0000,168.2000,336.4000,504.6000
16830,16.8300,33.6600,1.0000,168.3000,336.6000,504.9000
16840,16.8400,33.6800,1.0000,168.4000,336.8000,505.2000
16850,16.8500,33.7000,1.0000,168.5000,337.0000,505.5000
16860,16.8600,33.7200,1.0000,168.6000,337.2000,505.8000
16870,16.8700,33.7400,1.0000,168.7000,337.4000,506.1000
16880,16.8800,33.7600,1.0000,168.8000,337.6000,506.4000
16890,16.8900,33.7800,1.0000,168.9000,337.8000,506.7000
16900,16.9000,33.8000,1.0000,169.0000,338.0000,507.0000
16910,16.9100,33.8200,1.0000,169.1000,338.2000,507.3000
16920,16.9200,33.8400,1.0000,169.2000,338.4000,507.6000
16930,16.9300,33.8600,1.0000,169.3000,338.6000,507.9000
16940,16.9400,33.8800,1.0000,169.4000,338.8000,508.2000
16950,16.9500,33.9000,1.0000,169.5000,339.0000,508.5000
16960,16.9600,33.9200,1.0000,169.6000,339.2000,508.8000
16970,16.9700,33.9400,1.0000,169.7000,339.4000,509.1000
16980,16.9800,33.9600,1.0000,169.8000,339.6000,509.4000
16990,16.9900,33.9800,1.0000,169.9000,339.8000,509.7000
17000,17.0000,34.0000,1.0000,170.0000,340.0000,510.0000
17010,17.0100,34.0200,1.0000,170.1000,340.2000,510.3000
17020,17.0200,34.0400,1.0000,170.2000,340.4000,510.6000
17030,17.0300,34.0600,1.0000,170.3000,340.6000,510.9000
17040,17.0400,34.0800,1.0000,170.4000,340.8000,511.2000
17050,17.0500,34.1000,1.0000,170.5000,341.0000,511.5000
17060,17.0600,34.1200,1.0000,170.6000,341.2000,511.8000
17070,17.0700,34.1400,1.0000,170.7000,341.4000,512.1000
17080,17.0800,34.1600,1.0000,170.8000,341.6000,512.4000
17090,17.0900,34.1800,1.0000,170.9000,341.8000,512.7000
17100,17.1000,34.2000,1.0000,171.0000,342.0000,513.0000
17110,17.1100,34.2200,1.0000,171.1000,342.2000,513.3000
17120,17.1200,34.2400,1.0000,171.2000,342.4000,513.6000
17130,17.1300,34.2600,1.0000,171.3000,342.6000,513.9000
17140,17.1400,34.2800,1.0000,171.4000,342.8000,514.2000
17150,17.1500,34.3000,1.0000,171.5000,343.0000,514.5000
17160,17.1600,34.3200,1.0000,171.6000,343.2000,514.8000
17170,17.1700,34.3400,1.0000,171.7000,343.4000,515.1000
17180,17.1800,34.3600,1.0000,171.8000,343.6000,515.4000
17190,17.1900,34.3800,1.0000,171.9000,343.8000,515.7000
17200,17.2000,34.4000,1.0000,172.0000,344.0000,516.0000
17210,17.2100,34.4200,1.0000,172.1000,344.2000,516.3000
17220,17.2200,34.4400,1.0000,172.2000,344.4000,516.6000
17230,17.2300,34.4600,1.0000,172.3000,344.6000,516.9000
17240,17.2400,34.4800,1.0000,172.4000,344.8000,517.2000
17250,17.2500,34.5000,1.0000,172.5000,345.0000,517.5000
17260,17.2600,34.5200,1.0000,172.6000,345.2000,517.8000
17270,17.2700,34.5400,1.0000,172.7000,345.4000,518.1000
17280,17.2800,34.5600,1.0000,172.8000,345.6000,518.4000
17290,17.2900,34.5800,1.0000,172.9000,345.8000,518.7000
17300,17.3000,34.6000,1.0000,173.0000,346.0000,519.0000
17310,17.3100,34.6200,1.0000,173.1000,346.2000,519.3000
17320,17.3200,34.6400,1.0000,173.2000,346.4000,519.6000
17330,17.3300,34.6600,1.0000,173.3000,346.6000,519.9000
17340,17.3400,34.6800,1.0000,173.4000,346.8000,520.2000
17350,17.3500,34.7000,1.0000,173.5000,347.0000,520.5000
17360,17.3600,34.7200,1.0000,173.6000,347.2000,520.8000
17370,17.3700,34.7400,1.0000,173.7000,347.4000,521.1000
17380,17.3800,34.7600,1.0000,173.8000,347.6000,521.4000
17390,17.3900,34.7800,1.0000,173.9000,347.8000,521.7000
17400,17.4000,34.8000,1.0000,174.0000,348.0000,522.0000
17410,17.4100,34.8200,1.0000,174.1000,348.2000,522.3000
17420,17.4200,34.8400,1.0000,174.2000,348.4000,522.6000
17430,17.4300,34.8600,1.0000,174.3000,348.6000,522.9000
17440,17.4400,34.8800,1.0000,174.4000,348.8000,523.2000
17450,17.4500,34.9000,1.0000,174.5000,349.0000,523.5000
17460,17.4600,34.9200,1.0000,174.6000,349.2000,523.8000
17470,17.4700,34.9400,1.0000,174.7000,349.4000,524.1000
17480,17.4800,34.9600,1.0000,174.8000,349.6000,524.4000
17490,17.4900,34.9800,1.0000,174.9000,349.8000,524.7000
17500,17.5000,35.0000,1.0000,175.0000,350.0000,525.0000
17510,17.5100,35.0200,1.0000,175.1000,350.2000,525.3000
17520,17.5200,35.0400,1.0000,175.2000,350.4000,525.6000
17530,17.5300,35.0600,1.0000,175.3000,350.6000,525.9000
17540,17.5400,35.0800,1.0000,175.4000,350.8000,526.2000
17550,17.5500,35.1000,1.0000,175.5000,351.0000,526.5000
17560,17.5600,35.1200,1.0000,175.6000,351.2000,526.8000
17570,17.5700,35.1400,1.0000,175.7000,351.4000,527.1000
17580,17.5800,35.1600,1.0000,175.8000,351.6000,527.4000
17590,17.5900,35.1800,1.0000,175.9000,351.8000,527.7000
17600,17.6000,35.2000,1.0000,176.0000,352.0000,528.0000
17610,17.6100,35.2200,1.0000,176.1000,352.2000,528.3000
17620,17.6200,35.2400,1.0000,176.2000,352.4000,528.6000
17630,17.6300,35.2600,1.0000,176.3000,352.6000,528.9000
17640,17.6400,35.2800,1.0000,176.4000,352.8000,529.2000
17650,17.6500,35.3000,1.0000,176.5000,353.0000,529.5000
17660,17.6600,35.3200,1.0000,176.6000,353.2000,529.8000
17670,17.6700,35.3400,1.0000,176.7000,353.4000,530.1000
17680,17.6800,35.3600,1.0000,176.8000,353.6000,530.4000
17690,17.6900,35.3800,1.0000,176.9000,353.8000,530.7000
17700,17.7000,35.4000,1.0000,177.0000,354.0000,531.0000
17710,17.7100,35.4200,1.0000,177.1000,354.2000,531.3000
17720,17.7200,35.4400,1.0000,177.2000,354.4000,531.6000
17730,17.7300,35.4600,1.0000,177.3000,354.6000,531.9000
17740,17.7400,35.4800,1.0000,177.4000,354.8000,532.2000
17750,17.7500,35.5000,1.0000,177.5000,355.0000,532.5000
17760,17.7600,35.5200,1.0000,177.6000,355.2000,532.8000
17770,17.7700,35.5400,1.0000,177.7000,355.4000,533.1000
17780,17.7800,35.5600,1.0000,177.8000,355.6000,533.4000
17790,17.7900,35.5800,1.0000,177.9000,355.8000,533.7000
17800,17.8000,35.6000,1.0000,178.0000,356.0000,534.0000
17810,17.8100,35.6200,1.0000,178.1000,356.2000,534.3000
17820,17.8200,35.6400,1.0000,178.2000,356.4000,534.6000
17830,17.8300,35.6600,1.0000,178.3000,356.6000,534.9000
17840,17.8400,35.6800,1.0000,178.4000,356.8000,535.2000
17850,17.8500,35.7000,1.0000,178.5000,357.0000,535.5000
17860,17.8600,35.7200,1.0000,178.6000,357.2000,535.8000
17870,17.8700,35.7400,1.0000,178.7000,357.4000,536.1000
17880,17.8800,35.7600,1.0000,178.8000,357.6000,536.4000
17890,17.8900,35.7800,1.0000,178.9000,357.8000,536.7000
17900,17.9000,35.8000,1.0000,179.0000,358.0000,537.0000
17910,17.9100,35.8200,1.0000,179.1000,358.2000,537.3000
17920,17.9200,35.8400,1.0000,179.2000,358.4000,537.6000
17930,17.9300,35.8600,1.0000,179.3000,358.6000,537.9000
17940,17.9400,35.8800,1.0000,179.4000,358.8000,538.2000
17950,17.9500,35.9000,1.0000,179.5000,359.0000,538.5000
17960,17.9600,35.9200,1.0000,179.6000,359.2000,538.8000
17970,17.9700,35.9400,1.0000,179.7000,359.4000,539.1000
17980,17.9800,35.9600,1.0000,179.8000,359.6000,539.4000
17990,17.9900,35.9800,1.0000,179.9000,359.8000,539.7000
18000,18.0000,36.0000,1.0000,180.0000,360.0000,540.0000
18010,18.0100,36.0200,1.0000,180.1000,360.2000,540.3000
18020,18.0200,36.0400,1.0000,180.2000,360.4000,540.6000
18030,18.0300,36.0600,1.0000,180.3000,360.6000,540.9000
18040,18.0400,36.0800,1.0000,180.4000,360.8000,541.2000
18050,18.0500,36.1000,1.0000,180.5000,361.0000,541.5000
18060,18.0600,36.1200,1.0000,180.6000,361.2000,541.8000
18070,18.0700,36.1400,1.0000,180.7000,361.4000,542.1000
18080,18.0800,36.1600,1.0000,180.8000,361.6000,542.4000
18090,18.0900,36.1800,1.0000,180.9000,361.8000,542.7000
18100,18.1000,36.2000,1.0000,181.0000,362.0000,543.0000
18110,18.1100,36.2200,1.0000,181.1000,362.2000,543.3000
18120,18.1200,36.2400,1.0000,181.2000,362.4000,543.6000
18130,18.1300,36.2600,1.0000,181.3000,362.6000,543.9000
18140,18.1400,36.2800,1.0000,181.4000,362.8000,544.2000
18150,18.1500,36.3000,1.0000,181.5000,363.0000,544.5000
18160,18.1600,36.3200,1.0000,181.6000,363.2000,544.8000
18170,18.1700,36.3400,1.0000,181.7000,363.4000,545.1000
18180,18.1800,36.3600,1.0000,181.8000,363.6000,545.4000
18190,18.1900,36.3800,1.0000,181.9000,363.8000,545.7000
18200,18.2000,36.4000,1.0000,182.0000,364.0000,546.0000
18210,18.2100,36.4200,1.0000,182.1000,364.2000,546.3000
18220,18.2200,36.4400,1.0000,182.2000,364.4000,546.6000
18230,18.2300,36.4600,1.0000,182.3000,364.6000,546.9000
18240,18.2400,36.4800,1.0000,182.4000,364.8000,547.2000
18250,18.2500,36.5000,1.0000,182.5000,365.0000,547.5000
18260,18.2600,36.5200,1.0000,182.6000,365.2000,547.8000
18270,18.2700,36.5400,1.0000,182.7000,365.4000,548.1000
18280,18.2800,36.5600,1.0000,182.8000,365.6000,548.4000
18290,18.2900,36.5800,1.0000,182.9000,365.8000,548.7000
18300,18.3000,36.6000,1.0000,183.0000,366.0000,549.0000
18310,18.3100,36.6200,1.0000,183.1000,366.2000,549.3000
18320,18.3200,36.6400,1.0000,183.2000,366.4000,549.6000
18330,18.3300,36.6600,1.0000,183.3000,366.6000,549.9000
18340,18.3400,36.6800,1.0000,183.4000,366.8000,550.2000
18350,18.3500,36.7000,1.0000,183.5000,367.0000,550.5000
18360,18.3600,36.7200,1.0000,183.6000,367.2000,550.8000
18370,18.3700,36.7400,1.0000,183.7000,367.4000,551.1000
18380,18.3800,36.7600,1.0000,183.8000,367.6000,551.4000
18390,18.3900,36.7800,1.0000,183.9000,367.8000,551.7000
18400,18.4000,36.8000,1.0000,184.0000,368.0000,552.0000
18410,18.4100,36.8200,1.0000,184.1000,368.2000,552.3000
18420,18.4200,36.8400,1.0000,184.2000,368.4000,552.6000
18430,18.4300,36.8600,1.0000,184.3000,368.6000,552.9000
18440,18.4400,36.8800,1.0000,184.4000,368.8000,553.2000
18450,18.4500,36.9000,1.0000,184.5000,369.0000,553.5000
18460,18.4600,36.9200,1.0000,184.6000,369.2000,553.8000
18470,18.4700,36.9400,1.0000,184.7000,369.4000,554.1000
18480,18.4800,36.9600,1.0000,184.8000,369.6000,554.4000
18490,18.4900,36.9800,1.0000,184.9000,369.8000,554.7000
18500,18.5000,37.0000,1.0000,185.0000,370.0000,555.0000
18510,18.5100,37.0200,1.0000,185.1000,370.2000,555.3000
18520,18.5200,37.0400,1.0000,185.2000,370.4000,555.6000
18530,18.5300,37.0600,1.0000,185.3000,370.6000,555.9000
18540,18.5400,37.0800,1.0000,185.4000,370.8000,556.2000
18550,18.5500,37.1000,1.0000,185.5000,371.0000,556.5000
18560,18.5600,37.1200,1.0000,185.6000,371.2000,556.8000
18570,18.5700,37.1400,1.0000,185.7000,371.4000,557.1000
18580,18.5800,37.1600,1.0000,185.8000,371.6000,557.4000
18590,18.5900,37.1800,1.0000,185.9000,371.8000,557.7000
18600,18.6000,37.2000,1.0000,186.0000,372.0000,558.0000
18610,18.6100,37.2200,1.0000,186.1000,372.2000,558.3000
18620,18.6200,37.2400,1.0000,186.2000,372.4000,558.6000
18630,18.6300,37.2600,1.0000,186.3000,372.6000,558.9000
18640,18.6400,37.2800,1.0000,186.4000,372.8000,559.2000
18650,18.6500,37.3000,1.0000,186.5000,373.0000,559.5000
18660,18.6600,37.3200,1.0000,186.6000,373.2000,559.8000
18670,18.6700,37.3400,1.0000,186.7000,373.4000,560.1000
18680,18.6800,37.3600,1.0000,186.8000,373.6000,560.4000
18690,18.6900,37.3800,1.0000,186.9000,373.8000,560.7000
18700,18.7000,37.4000,1.0000,187.0000,374.0000,561.0000
18710,18.7100,37.4200,1.0000,187.1000,374.2000,561.3000
18720,18.7200,37.4400,1.0000,187.2000,374.4000,561.6000
18730,18.7300,37.4600,1.0000,187.3000,374.6000,561.9000
18740,18.7400,37.4800,1.0000,187.4000,374.8000,562.2000
18750,18.7500,37.5000,1.0000,187.5000,375.0000,562.5000
18760,18.7600,37.5200,1.0000,187.6000,375.2000,562.8000
18770,18.7700,37.5400,1.0000,187.7000,375.4000,563.1000
18780,18.7800,37.5600,1.0000,187.8000,375.6000,563.4000
18790,18.7900,37.5800,1.0000,187.9000,375.8000,563.7000
18800,18.8000,37.6000,1.0000,188.0000,376.0000,564.0000
18810,18.8100,37.6200,1.0000,188.1000,376.2000,564.3000
18820,18.8200,37.6400,1.0000,188.2000,376.4000,564.6000
18830,18.8300,37.6600,1.0000,188.3000,376.6000,564.9000
18840,18.8400,37.6800,1.0000,188.4000,376.8000,565.2000
18850,18.8500,37.7000,1.0000,188.5000,377.0000,565.5000
18860,18.8600,37.7200,1.0000,188.6000,377.2000,565.8000
18870,18.8700,37.7400,1.0000,188.7000,377.4000,566.1000
18880,18.8800,37.7600,1.0000,188.8000,377.6000,566.4000
18890,18.8900,37.7800,1.0000,188.9000,377.8000,566.7000
18900,18.9000,37.8000,1.0000,189.0000,378.0000,567.0000
18910,18.9100,37.8200,1.0000,189.1000,378.2000,567.3000
18920,18.9200,37.8400,1.0000,189.2000,378.4000,567.6000
18930,18.9300,37.8600,1.0000,189.3000,378.6000,567.9000
18940,18.9400,37.8800,1.0000,189.4000,378.8000,568.2000
18950,18.9500,37.9000,1.0000,189.5000,379.0000,568.5000
18960,18.9600,37.9200,1.0000,189.6000,379.2000,568.8000
18970,18.9700,37.9400,1.0000,189.7000,379.4000,569.1000
18980,18.9800,37.9600,1.0000,189.8000,379.6000,569.4000
18990,18.9900,37.9800,1.0000,189.9000,379.8000,569.7000
19000,19.0000,38.0000,1.0000,190.0000,380.0000,570.0000
19010,19.0100,38.0200,1.0000,190.1000,380.2000,570.3000
19020,19.0200,38.0400,1.0000,190.2000,380.4000,570.6000
19030,19.0300,38.0600,1.0000,190.3000,380.6000,570.9000
19040,19.0400,38.0800,1.0000,190.4000,380.8000,571.2000
19050,19.0500,38.1000,1.0000,190.5000,381.0000,571.5000
19060,19.0600,38.1200,1.0000,190.6000,381.2000,571.8000
19070,19.0700,38.1400,1.0000,190.7000,381.4000,572.1000
19080,19.0800,38.1600,1.0000,190.8000,381.6000,572.4000
19090,19.0900,38.1800,1.0000,190.9000,381.8000,572.7000
19100,19.1000,38.2000,1.0000,191.0000,382.0000,573.0000
19110,19.1100,38.2200,1.0000,191.1000,382.2000,573.3000
19120,19.1200,38.2400,1.0000,191.2000,382.4000,573.6000
19130,19.1300,38.2600,1.0000,191.3000,382.6000,573.9000
19140,19.1400,38.2800,1.0000,191.4000,382.8000,574.2000
19150,19.1500,38.3000,1.0000,191.5000,383.0000,574.5000
19160,19.1600,38.3200,1.0000,191.6000,383.2000,574.8000
19170,19.1700,38.3400,1.0000,191.7000,383.4000,575.1000
19180,19.1800,38.3600,1.0000,191.8000,383.6000,575.4000
19190,19.1900,38.3800,1.0000,191.9000,383.8000,575.7000
19200,19.2000,38.4000,1.0000,192.0000,384.0000,576.0000
19210,19.2100,38.4200,1.0000,192.1000,384.2000,576.3000
19220,19.2200,38.4400,1.0000,192.2000,384.4000,576.6000
19230,19.2300,38.4600,1.0000,192.3000,384.6000,576.9000
19240,19.2400,38.4800,1.0000,192.4000,384.8000,577.2000
19250,19.2500,38.5000,1.0000,192.5000,385.0000,577.5000
19260,19.2600,38.5200,1.0000,192.6000,385.2000,577.8000
19270,19.2700,38.5400,1.0000,192.7000,385.4000,578.1000
19280,19.2800,38.5600,1.0000,192.8000,385.6000,578.4000
19290,19.2900,38.5800,1.0000,192.9000,385.8000,578.7000
19300,19.3000,38.6000,1.0000,193.0000,386.0000,579.0000
19310,19.3100,38.6200,1.0000,193.1000,386.2000,579.3000
19320,19.3200,38.6400,1.0000,193.2000,386.4000,579.6000
19330,19.3300,38.6600,1.0000,193.3000,386.6000,579.9000
19340,19.3400,38.6800,1.0000,193.4000,386.8000,580.2000
19350,19.3500,38.7000,1.0000,193.5000,387.0000,580.5000
19360,19.3600,38.7200,1.0000,193.6000,387.2000,580.8000
19370,19.3700,38.7400,1.0000,193.7000,387.4000,581.1000
19380,19.3800,38.7600,1.0000,193.8000,387.6000,581.4000
19390,19.3900,38.7800,1.0000,193.9000,387.8000,581.7000
19400,19.4000,38.8000,1.0000,194.0000,388.0000,582.0000
19410,19.4100,38.8200,1.0000,194.1000,388.2000,582.3000
19420,19.4200,38.8400,1.0000,194.2000,388.4000,582.6000
19430,19.4300,38.8600,1.0000,194.3000,388.6000,582.9000
19440,19.4400,38.8800,1.0000,194.4000,388.8000,583.2000
19450,19.4500,38.9000,1.0000,194.5000,389.0000,583.5000
19460,19.4600,38.9200,1.0000,194.6000,389.2000,583.8000
19470,19.4700,38.9400,1.0000,194.7000,389.4000,584.1000
19480,19.4800,38.9600,1.0000,194.8000,389.6000,584.4000
19490,19.4900,38.9800,1.0000,194.9000,389.8000,584.7000
19500,19.5000,39.0000,1.0000,195.0000,390.0000,585.0000
19510,19.5100,39.0200,1.0000,195.1000,390.2000,585.3000
19520,19.5200,39.0400,1.0000,195.2000,390.4000,585.6000
19530,19.5300,39.0600,1.0000,195.3000,390.6000,585.9000
19540,19.5400,39.0800,1.0000,195.4000,390.8000,586.2000
19550,19.5500,39.1000,1.0000,195.5000,391.0000,586.5000
19560,19.5600,39.1200,1.0000,195.6000,391.2000,586.8000
19570,19.5700,39.1400,1.0000,195.7000,391.4000,587.1000
19580,19.5800,39.1600,1.0000,195.8000,391.6000,587.4000
19590,19.5900,39.1800,1.0000,195.9000,391.8000,587.7000
19600,19.6000,39.2000,1.0000,196.0000,392.0000,588.0000
19610,19.6100,39.2200,1.0000,196.1000,392.2000,588.3000
19620,19.6200,39.2400,1.0000,196.2000,392.4000,588.6000
19630,19.6300,39.2600,1.0000,196.3000,392.6000,588.9000
19640,19.6400,39.2800,1.0000,196.4000,392.8000,589.2000
19650,19.6500,39.3000,1.0000,196.5000,393.0000,589.5000
19660,19.6600,39.3200,1.0000,196.6000,393.2000,589.8000
19670,19.6700,39.3400,1.0000,196.7000,393.4000,590.1000
19680,19.6800,39.3600,1.0000,196.8000,393.6000,590.4000
19690,19.6900,39.3800,1.0000,196.9000,393.8000,590.7000
19700,19.7000,39.4000,1.0000,197.0000,394.0000,591.0000
19710,19.7100,39.4200,1.0000,197.1000,394.2000,591.3000
19720,19.7200,39.4400,1.0000,197.2000,394.4000,591.6000
19730,19.7300,39.4600,1.0000,197.3000,394.6000,591.9000
19740,19.7400,39.4800,1.0000,197.4000,394.8000,592.2000
19750,19.7500,39.5000,1.0000,197.5000,395.0000,592.5000
19760,19.7600,39.5200,1.0000,197.6000,395.2000,592.8000
19770,19.7700,39.5400,1.0000,197.7000,395.4000,593.1000
19780,19.7800,39.5600,1.0000,197.8000,395.6000,593.4000
19790,19.7900,39.5800,1.0000,197.9000,395.8000,593.7000
19800,19.8000,39.6000,1.0000,198.0000,396.0000,594.0000
19810,19.8100,39.6200,1.0000,198.1000,396.2000,594.3000
19820,19.8200,39.6400,1.0000,198.2000,396.4000,594.6000
19830,19.8300,39.6600,1.0000,198.3000,396.6000,594.9000
19840,19.8400,39.6800,1.0000,198.4000,396.8000,595.2000
19850,19.8500,39.7000,1.0000,198.5000,397.0000,595.5000
19860,19.8600,39.7200,1.0000,198.6000,397.2000,595.8000
19870,19.8700,39.7400,1.0000,198.7000,397.4000,596.1000
19880,19.8800,39.7600,1.0000,198.8000,397.6000,596.4000
19890,19.8900,39.7800,1.0000,198.9000,397.8000,596.7000
19900,19.9000,39.8000,1.0000,199.0000,398.0000,597.0000
19910,19.9100,39.8200,1.0000,199.1000,398.2000,597.3000
19920,19.9200,39.8400,1.0000,199.2000,398.4000,597.6000
19930,19.9300,39.8600,1.0000,199.3000,398.6000,597.9000
19940,19.9400,39.8800,1.0000,199.4000,398.8000,598.2000
19950,19.9500,39.9000,1.0000,199.5000,399.0000,598.5000
19960,19.9600,39.9200,1.0000,199.6000,399.2000,598.8000
19970,19.9700,39.9400,1.0000,199.7000,399.4000,599.1000
19980,19.9800,39.9600,1.0000,199.8000,399.6000,599.4000
19990,19.9900,39.9800,1.0000,199.9000,399.8000,599.7000
